match_id,season,kickoff,team,opponent,is_home,passes,block,team_proj,team_n_matches,scored
4506263,2024-25,2024-08-16 19:00:00,Manchester United,Fulham,True,482,0,450.00000000000006,0,False
4506263,2024-25,2024-08-16 19:00:00,Fulham,Manchester United,False,384,0,450.00000000000006,0,False
4506264,2024-25,2024-08-17 11:30:00,Ipswich Town,Liverpool,True,347,0,450.00000000000006,0,False
4506264,2024-25,2024-08-17 11:30:00,Liverpool,Ipswich Town,False,570,0,450.00000000000006,0,False
4506265,2024-25,2024-08-17 14:00:00,Arsenal,Wolverhampton Wanderers,True,420,0,450.00000000000006,0,False
4506265,2024-25,2024-08-17 14:00:00,Wolverhampton Wanderers,Arsenal,False,375,0,450.00000000000006,0,False
4506266,2024-25,2024-08-17 14:00:00,Everton,Brighton & Hove Albion,True,344,0,450.00000000000006,0,False
4506266,2024-25,2024-08-17 14:00:00,Brighton & Hove Albion,Everton,False,574,0,450.00000000000006,0,False
4506267,2024-25,2024-08-17 14:00:00,Newcastle United,Southampton,True,181,0,450.00000000000006,0,False
4506267,2024-25,2024-08-17 14:00:00,Southampton,Newcastle United,False,649,0,450.00000000000006,0,False
4506268,2024-25,2024-08-17 14:00:00,Nottingham Forest,AFC Bournemouth,True,503,0,450.00000000000006,0,False
4506268,2024-25,2024-08-17 14:00:00,AFC Bournemouth,Nottingham Forest,False,432,0,450.00000000000006,0,False
4506269,2024-25,2024-08-17 16:30:00,West Ham United,Aston Villa,True,417,0,450.00000000000006,0,False
4506269,2024-25,2024-08-17 16:30:00,Aston Villa,West Ham United,False,394,0,450.00000000000006,0,False
4506270,2024-25,2024-08-18 13:00:00,Brentford,Crystal Palace,True,403,0,450.00000000000006,0,False
4506270,2024-25,2024-08-18 13:00:00,Crystal Palace,Brentford,False,481,0,450.00000000000006,0,False
4506271,2024-25,2024-08-18 15:30:00,Chelsea,Manchester City,True,490,0,450.00000000000006,0,False
4506271,2024-25,2024-08-18 15:30:00,Manchester City,Chelsea,False,535,0,450.00000000000006,0,False
4506272,2024-25,2024-08-19 19:00:00,Leicester City,Tottenham Hotspur,True,275,0,450.00000000000006,0,False
4506272,2024-25,2024-08-19 19:00:00,Tottenham Hotspur,Leicester City,False,671,0,450.00000000000006,0,False
4506275,2024-25,2024-08-24 11:30:00,Brighton & Hove Albion,Manchester United,True,477,1,364.6090225380599,1,False
4506275,2024-25,2024-08-24 11:30:00,Manchester United,Brighton & Hove Albion,False,511,1,511.3446924669203,1,False
4506276,2024-25,2024-08-24 14:00:00,Crystal Palace,West Ham United,True,552,1,355.5443445813278,1,False
4506276,2024-25,2024-08-24 14:00:00,West Ham United,Crystal Palace,False,393,1,512.4911332048289,1,False
4506277,2024-25,2024-08-24 14:00:00,Fulham,Leicester City,True,538,1,374.22188558058116,1,False
4506277,2024-25,2024-08-24 14:00:00,Leicester City,Fulham,False,454,1,492.61707485032053,1,False
4506279,2024-25,2024-08-24 14:00:00,Manchester City,Ipswich Town,True,755,1,384.8796936683934,1,False
4506279,2024-25,2024-08-24 14:00:00,Ipswich Town,Manchester City,False,245,1,513.4920981421549,1,False
4506280,2024-25,2024-08-24 14:00:00,Southampton,Nottingham Forest,True,656,1,379.52608678206394,1,False
4506280,2024-25,2024-08-24 14:00:00,Nottingham Forest,Southampton,False,352,1,462.722480126689,1,False
4506281,2024-25,2024-08-24 14:00:00,Tottenham Hotspur,Everton,True,609,1,400.15289266453266,1,False
4506281,2024-25,2024-08-24 14:00:00,Everton,Tottenham Hotspur,False,251,1,465.6876226470239,1,False
4506274,2024-25,2024-08-24 16:30:00,Aston Villa,Arsenal,True,329,1,341.0945708599017,1,False
4506274,2024-25,2024-08-24 16:30:00,Arsenal,Aston Villa,False,514,1,516.0325103344235,1,False
4506273,2024-25,2024-08-25 13:00:00,AFC Bournemouth,Newcastle United,True,321,1,379.5260867820633,1,False
4506273,2024-25,2024-08-25 13:00:00,Newcastle United,AFC Bournemouth,False,495,1,462.72248012668814,1,False
4506282,2024-25,2024-08-25 13:00:00,Wolverhampton Wanderers,Chelsea,True,320,1,358.93659082756824,1,False
4506282,2024-25,2024-08-25 13:00:00,Chelsea,Wolverhampton Wanderers,False,495,1,530.0950320558603,1,False
4506278,2024-25,2024-08-25 15:30:00,Liverpool,Brentford,True,602,1,378.1146873709348,1,False
4506278,2024-25,2024-08-25 15:30:00,Brentford,Liverpool,False,364,1,497.03304003160173,1,False
4506283,2024-25,2024-08-31 11:30:00,Arsenal,Brighton & Hove Albion,True,270,2,438.4895888013864,2,False
4506283,2024-25,2024-08-31 11:30:00,Brighton & Hove Albion,Arsenal,False,471,2,442.26749792252923,2,False
4506284,2024-25,2024-08-31 14:00:00,Brentford,Southampton,True,358,2,357.56200806017716,2,False
4506284,2024-25,2024-08-31 14:00:00,Southampton,Brentford,False,621,2,525.2674800707917,2,False
4506286,2024-25,2024-08-31 14:00:00,Everton,AFC Bournemouth,True,349,2,407.9191798532665,2,False
4506286,2024-25,2024-08-31 14:00:00,AFC Bournemouth,Everton,False,392,2,448.0588120146797,2,False
4506287,2024-25,2024-08-31 14:00:00,Ipswich Town,Fulham,True,401,2,391.79235536061105,2,False
4506287,2024-25,2024-08-31 14:00:00,Fulham,Ipswich Town,False,418,2,496.230321246071,2,False
4506288,2024-25,2024-08-31 14:00:00,Leicester City,Aston Villa,True,513,2,421.670227407411,2,False
4506288,2024-25,2024-08-31 14:00:00,Aston Villa,Leicester City,False,383,2,455.9362515105817,2,False
4506291,2024-25,2024-08-31 14:00:00,Nottingham Forest,Wolverhampton Wanderers,True,367,2,434.2620231476985,2,False
4506291,2024-25,2024-08-31 14:00:00,Wolverhampton Wanderers,Nottingham Forest,False,359,2,442.44934630014484,2,False
4506292,2024-25,2024-08-31 16:30:00,West Ham United,Manchester City,True,340,2,398.7373044618354,2,False
4506292,2024-25,2024-08-31 16:30:00,Manchester City,West Ham United,False,726,2,511.3030594119883,2,False
4506285,2024-25,2024-09-01 12:30:00,Chelsea,Crystal Palace,True,590,2,439.78347497427615,2,False
4506285,2024-25,2024-09-01 12:30:00,Crystal Palace,Chelsea,False,350,2,453.58546540448674,2,False
4506290,2024-25,2024-09-01 12:30:00,Newcastle United,Tottenham Hotspur,True,261,2,347.7093051663865,2,False
4506290,2024-25,2024-09-01 12:30:00,Tottenham Hotspur,Newcastle United,False,500,2,499.2308806132549,2,False
4506289,2024-25,2024-09-01 15:00:00,Manchester United,Liverpool,True,507,2,426.3994268011257,2,False
4506289,2024-25,2024-09-01 15:00:00,Liverpool,Manchester United,False,464,2,468.9962148751656,2,False
4506300,2024-25,2024-09-14 11:30:00,Southampton,Manchester United,True,480,3,470.314110786597,3,False
4506300,2024-25,2024-09-14 11:30:00,Manchester United,Southampton,False,611,3,424.27842385334804,3,False
4506295,2024-25,2024-09-14 14:00:00,Brighton & Hove Albion,Ipswich Town,True,570,3,477.833325009733,3,False
4506295,2024-25,2024-09-14 14:00:00,Ipswich Town,Brighton & Hove Albion,False,261,3,387.5253648156315,3,False
4506296,2024-25,2024-09-14 14:00:00,Crystal Palace,Leicester City,True,595,3,448.570168728802,3,False
4506296,2024-25,2024-09-14 14:00:00,Leicester City,Crystal Palace,False,293,3,464.05823478279206,3,False
4506297,2024-25,2024-09-14 14:00:00,Fulham,West Ham United,True,395,3,447.19004142416185,3,False
4506297,2024-25,2024-09-14 14:00:00,West Ham United,Fulham,False,333,3,435.1817654520904,3,False
4506298,2024-25,2024-09-14 14:00:00,Liverpool,Nottingham Forest,True,603,3,462.71175416437023,3,False
4506298,2024-25,2024-09-14 14:00:00,Nottingham Forest,Liverpool,False,273,3,439.4956511153762,3,False
4506299,2024-25,2024-09-14 14:00:00,Manchester City,Brentford,True,544,3,526.6915788271644,3,False
4506299,2024-25,2024-09-14 14:00:00,Brentford,Manchester City,False,468,3,402.5197449037717,3,False
4506294,2024-25,2024-09-14 16:30:00,Aston Villa,Everton,True,665,3,401.74168133157895,3,False
4506294,2024-25,2024-09-14 16:30:00,Everton,Aston Villa,False,240,3,430.24984249863286,3,False
4506293,2024-25,2024-09-14 19:00:00,AFC Bournemouth,Chelsea,True,276,3,364.4462981208993,3,False
4506293,2024-25,2024-09-14 19:00:00,Chelsea,AFC Bournemouth,False,579,3,516.1008556404511,3,False
4506301,2024-25,2024-09-15 13:00:00,Tottenham Hotspur,Arsenal,True,494,3,445.2626404604212,3,False
4506301,2024-25,2024-09-15 13:00:00,Arsenal,Tottenham Hotspur,False,282,3,365.57360298131465,3,False
4506302,2024-25,2024-09-15 15:30:00,Wolverhampton Wanderers,Newcastle United,True,433,3,386.45314257423144,3,False
4506302,2024-25,2024-09-15 15:30:00,Newcastle United,Wolverhampton Wanderers,False,471,3,403.50256000220503,3,False
4506312,2024-25,2024-09-21 11:30:00,West Ham United,Chelsea,True,498,4,371.89358944268906,4,False
4506312,2024-25,2024-09-21 11:30:00,Chelsea,West Ham United,False,454,4,504.05969183512804,4,False
4506303,2024-25,2024-09-21 14:00:00,Aston Villa,Wolverhampton Wanderers,True,447,4,435.85253146457984,4,False
4506303,2024-25,2024-09-21 14:00:00,Wolverhampton Wanderers,Aston Villa,False,398,4,405.6816013213694,4,False
4506306,2024-25,2024-09-21 14:00:00,Fulham,Newcastle United,True,344,4,436.77298074227656,4,False
4506306,2024-25,2024-09-21 14:00:00,Newcastle United,Fulham,False,560,4,392.5207832099629,4,False
4506307,2024-25,2024-09-21 14:00:00,Leicester City,Everton,True,460,4,472.02681548292145,4,False
4506307,2024-25,2024-09-21 14:00:00,Everton,Leicester City,False,335,4,398.2361627408446,4,False
4506308,2024-25,2024-09-21 14:00:00,Liverpool,AFC Bournemouth,True,584,4,515.3486932982952,4,False
4506308,2024-25,2024-09-21 14:00:00,AFC Bournemouth,Liverpool,False,389,4,356.6559962014408,4,False
4506310,2024-25,2024-09-21 14:00:00,Southampton,Ipswich Town,True,492,4,550.7939702764976,4,False
4506310,2024-25,2024-09-21 14:00:00,Ipswich Town,Southampton,False,409,4,353.58618794190164,4,False
4506311,2024-25,2024-09-21 14:00:00,Tottenham Hotspur,Brentford,True,434,4,516.708916755746,4,False
4506311,2024-25,2024-09-21 14:00:00,Brentford,Tottenham Hotspur,False,489,4,346.1189636329508,4,False
4506305,2024-25,2024-09-21 16:30:00,Crystal Palace,Manchester United,True,313,4,449.2128104667097,4,False
4506305,2024-25,2024-09-21 16:30:00,Manchester United,Crystal Palace,False,639,4,476.1109806657945,4,False
4506304,2024-25,2024-09-22 13:00:00,Brighton & Hove Albion,Nottingham Forest,True,542,4,500.83213211776877,4,False
4506304,2024-25,2024-09-22 13:00:00,Nottingham Forest,Brighton & Hove Albion,False,245,4,363.9687720873934,4,False
4506309,2024-25,2024-09-22 15:30:00,Manchester City,Arsenal,True,705,4,500.225727569837,4,False
4506309,2024-25,2024-09-22 15:30:00,Arsenal,Manchester City,False,208,4,389.59374382408333,4,False
4506320,2024-25,2024-09-28 11:30:00,Newcastle United,Manchester City,True,331,5,386.568303955048,5,True
4506320,2024-25,2024-09-28 11:30:00,Manchester City,Newcastle United,False,558,5,519.4490985661322,5,True
4506314,2024-25,2024-09-28 14:00:00,Arsenal,Leicester City,True,664,5,437.7309077451294,5,True
4506314,2024-25,2024-09-28 14:00:00,Leicester City,Arsenal,False,232,5,406.85569974806316,5,True
4506315,2024-25,2024-09-28 14:00:00,Brentford,West Ham United,True,528,5,477.3942746244448,5,True
4506315,2024-25,2024-09-28 14:00:00,West Ham United,Brentford,False,399,5,424.71214331911335,5,True
4506316,2024-25,2024-09-28 14:00:00,Chelsea,Brighton & Hove Albion,True,376,5,429.7527728932744,5,True
4506316,2024-25,2024-09-28 14:00:00,Brighton & Hove Albion,Chelsea,False,552,5,430.69561857676024,5,True
4506317,2024-25,2024-09-28 14:00:00,Everton,Crystal Palace,True,347,5,375.535580002453,5,True
4506317,2024-25,2024-09-28 14:00:00,Crystal Palace,Everton,False,535,5,477.3812580036319,5,True
4506321,2024-25,2024-09-28 14:00:00,Nottingham Forest,Fulham,True,351,5,407.56502885212336,5,True
4506321,2024-25,2024-09-28 14:00:00,Fulham,Nottingham Forest,False,527,5,430.8862819745347,5,True
4506322,2024-25,2024-09-28 16:30:00,Wolverhampton Wanderers,Liverpool,True,426,5,385.58697232710904,5,True
4506322,2024-25,2024-09-28 16:30:00,Liverpool,Wolverhampton Wanderers,False,534,5,481.1369480729969,5,True
4506318,2024-25,2024-09-29 13:00:00,Ipswich Town,Aston Villa,True,408,5,409.82746158702446,5,True
4506318,2024-25,2024-09-29 13:00:00,Aston Villa,Ipswich Town,False,542,5,447.0329049697947,5,True
4506319,2024-25,2024-09-29 15:30:00,Manchester United,Tottenham Hotspur,True,395,5,453.0994936546353,5,True
4506319,2024-25,2024-09-29 15:30:00,Tottenham Hotspur,Manchester United,False,636,5,433.36334829553897,5,True
4506313,2024-25,2024-09-30 19:00:00,AFC Bournemouth,Southampton,True,378,5,380.18173601376327,5,True
4506313,2024-25,2024-09-30 19:00:00,Southampton,AFC Bournemouth,False,577,5,520.8182440783013,5,True
4506328,2024-25,2024-10-05 11:30:00,Crystal Palace,Liverpool,True,300,6,421.4133220458992,6,True
4506328,2024-25,2024-10-05 11:30:00,Liverpool,Crystal Palace,False,642,6,491.51867218066747,6,True
4506323,2024-25,2024-10-05 14:00:00,Arsenal,Southampton,True,536,6,400.81877277498995,6,True
4506323,2024-25,2024-10-05 14:00:00,Southampton,Arsenal,False,395,6,477.1528603170091,6,True
4506325,2024-25,2024-10-05 14:00:00,Brentford,Wolverhampton Wanderers,True,365,6,463.82092548933645,6,True
4506325,2024-25,2024-10-05 14:00:00,Wolverhampton Wanderers,Brentford,False,478,6,418.6988879819272,6,True
4506330,2024-25,2024-10-05 14:00:00,Leicester City,AFC Bournemouth,True,368,6,435.8265171767649,6,True
4506330,2024-25,2024-10-05 14:00:00,AFC Bournemouth,Leicester City,False,443,6,438.26356323555143,6,True
4506331,2024-25,2024-10-05 14:00:00,Manchester City,Fulham,True,634,6,544.5012185457608,6,True
4506331,2024-25,2024-10-05 14:00:00,Fulham,Manchester City,False,452,6,368.2010756928035,6,True
4506332,2024-25,2024-10-05 14:00:00,West Ham United,Ipswich Town,True,496,6,455.9626356759959,6,True
4506332,2024-25,2024-10-05 14:00:00,Ipswich Town,West Ham United,False,430,6,414.51431048589234,6,True
4506329,2024-25,2024-10-05 16:30:00,Everton,Newcastle United,True,310,6,363.8857139731394,6,True
4506329,2024-25,2024-10-05 16:30:00,Newcastle United,Everton,False,656,6,462.62568950621306,6,True
4506324,2024-25,2024-10-06 13:00:00,Aston Villa,Manchester United,True,416,6,433.282739843351,6,True
4506324,2024-25,2024-10-06 13:00:00,Manchester United,Aston Villa,False,369,6,505.8980796401635,6,True
4506327,2024-25,2024-10-06 13:00:00,Chelsea,Nottingham Forest,True,591,6,514.5885916619105,6,True
4506327,2024-25,2024-10-06 13:00:00,Nottingham Forest,Chelsea,False,306,6,371.65390033837997,6,True
4506326,2024-25,2024-10-06 15:30:00,Brighton & Hove Albion,Tottenham Hotspur,True,364,6,414.51169062698716,6,True
4506326,2024-25,2024-10-06 15:30:00,Tottenham Hotspur,Brighton & Hove Albion,False,526,6,422.27378426565934,6,True
4506401,2024-25,2024-10-19 11:30:00,Tottenham Hotspur,West Ham United,True,477,7,526.032689992968,7,True
4506401,2024-25,2024-10-19 11:30:00,West Ham United,Tottenham Hotspur,False,366,7,359.63502782438553,7,True
4506394,2024-25,2024-10-19 14:00:00,Fulham,Aston Villa,True,434,7,421.1658993306347,7,True
4506394,2024-25,2024-10-19 14:00:00,Aston Villa,Fulham,False,408,7,449.81700484957076,7,True
4506397,2024-25,2024-10-19 14:00:00,Manchester United,Brentford,True,488,7,503.8273965129886,7,True
4506397,2024-25,2024-10-19 14:00:00,Brentford,Manchester United,False,484,7,432.8440431592144,7,True
4506398,2024-25,2024-10-19 14:00:00,Newcastle United,Brighton & Hove Albion,True,544,7,388.13840197437764,7,True
4506398,2024-25,2024-10-19 14:00:00,Brighton & Hove Albion,Newcastle United,False,371,7,469.22542381069906,7,True
4506400,2024-25,2024-10-19 14:00:00,Southampton,Leicester City,True,359,7,549.4558977804859,7,True
4506400,2024-25,2024-10-19 14:00:00,Leicester City,Southampton,False,492,7,382.6921701716267,7,True
4506395,2024-25,2024-10-19 14:15:00,Ipswich Town,Everton,True,484,7,459.09315816290774,7,True
4506395,2024-25,2024-10-19 14:15:00,Everton,Ipswich Town,False,403,7,389.3991386209319,7,True
4506393,2024-25,2024-10-19 16:30:00,AFC Bournemouth,Arsenal,True,405,7,372.35064404557585,7,True
4506393,2024-25,2024-10-19 16:30:00,Arsenal,AFC Bournemouth,False,439,7,468.5606641931624,7,True
4506402,2024-25,2024-10-20 13:00:00,Wolverhampton Wanderers,Manchester City,True,216,7,373.70763913152376,7,True
4506402,2024-25,2024-10-20 13:00:00,Manchester City,Wolverhampton Wanderers,False,731,7,539.4783487339816,7,True
4506396,2024-25,2024-10-20 15:30:00,Liverpool,Chelsea,True,409,7,477.8810830310884,7,True
4506396,2024-25,2024-10-20 15:30:00,Chelsea,Liverpool,False,542,7,440.53701459111255,7,True
4506399,2024-25,2024-10-21 19:00:00,Nottingham Forest,Crystal Palace,True,441,7,397.22443769871256,7,True
4506399,2024-25,2024-10-21 19:00:00,Crystal Palace,Nottingham Forest,False,448,7,472.3927382371519,7,True
4506413,2024-25,2024-10-25 19:00:00,Leicester City,Nottingham Forest,True,560,8,436.3430673819585,8,True
4506413,2024-25,2024-10-25 19:00:00,Nottingham Forest,Leicester City,False,305,8,417.7889773012245,8,True
4506404,2024-25,2024-10-26 14:00:00,Aston Villa,AFC Bournemouth,True,438,8,458.10488376488297,8,True
4506404,2024-25,2024-10-26 14:00:00,AFC Bournemouth,Aston Villa,False,325,8,392.86554992286517,8,True
4506405,2024-25,2024-10-26 14:00:00,Brentford,Ipswich Town,True,555,8,483.54637854020194,8,True
4506405,2024-25,2024-10-26 14:00:00,Ipswich Town,Brentford,False,292,8,419.849490787428,8,True
4506406,2024-25,2024-10-26 14:00:00,Brighton & Hove Albion,Wolverhampton Wanderers,True,452,8,474.75488899472793,8,True
4506406,2024-25,2024-10-26 14:00:00,Wolverhampton Wanderers,Brighton & Hove Albion,False,438,8,377.3773328534067,8,True
4506415,2024-25,2024-10-26 14:00:00,Manchester City,Southampton,True,616,8,552.3015429629481,8,True
4506415,2024-25,2024-10-26 14:00:00,Southampton,Manchester City,False,479,8,409.14305527804095,8,True
4506410,2024-25,2024-10-26 16:30:00,Everton,Fulham,True,383,8,363.2787102172429,8,True
4506410,2024-25,2024-10-26 16:30:00,Fulham,Everton,False,588,8,504.92275895984835,8,True
4506407,2024-25,2024-10-27 14:00:00,Chelsea,Newcastle United,True,459,8,465.8980970612458,8,True
4506407,2024-25,2024-10-27 14:00:00,Newcastle United,Chelsea,False,450,8,424.99170092978545,8,True
4506409,2024-25,2024-10-27 14:00:00,Crystal Palace,Tottenham Hotspur,True,247,8,365.85826337559877,8,True
4506409,2024-25,2024-10-27 14:00:00,Tottenham Hotspur,Crystal Palace,False,517,8,522.4292894581363,8,True
4506417,2024-25,2024-10-27 14:00:00,West Ham United,Manchester United,True,393,8,419.70041923604504,8,True
4506417,2024-25,2024-10-27 14:00:00,Manchester United,West Ham United,False,538,8,503.3219691053882,8,True
4506403,2024-25,2024-10-27 16:30:00,Arsenal,Liverpool,True,383,8,408.32009339123283,8,True
4506403,2024-25,2024-10-27 16:30:00,Liverpool,Arsenal,False,466,8,475.41901869139224,8,True
4506468,2024-25,2024-11-02 12:30:00,Newcastle United,Arsenal,True,289,9,426.3285643127632,9,True
4506468,2024-25,2024-11-02 12:30:00,Arsenal,Newcastle United,False,502,9,419.7048186811257,9,True
4506463,2024-25,2024-11-02 15:00:00,AFC Bournemouth,Manchester City,True,334,9,340.1403250012124,9,True
4506463,2024-25,2024-11-02 15:00:00,Manchester City,AFC Bournemouth,False,600,9,595.1913984031734,9,True
4506465,2024-25,2024-11-02 15:00:00,Ipswich Town,Leicester City,True,320,9,411.20024716192876,9,True
4506465,2024-25,2024-11-02 15:00:00,Leicester City,Ipswich Town,False,432,9,458.20563109981583,9,True
4506466,2024-25,2024-11-02 15:00:00,Liverpool,Brighton & Hove Albion,True,443,9,461.45877623960865,9,True
4506466,2024-25,2024-11-02 15:00:00,Brighton & Hove Albion,Liverpool,False,469,9,440.8027596710335,9,True
4506469,2024-25,2024-11-02 15:00:00,Nottingham Forest,West Ham United,True,446,9,389.8212192712374,9,True
4506469,2024-25,2024-11-02 15:00:00,West Ham United,Nottingham Forest,False,392,9,472.7349211574319,9,True
4506470,2024-25,2024-11-02 15:00:00,Southampton,Everton,True,589,9,559.7976275504449,9,True
4506470,2024-25,2024-11-02 15:00:00,Everton,Southampton,False,305,9,370.8593077407897,9,True
4506472,2024-25,2024-11-02 17:30:00,Wolverhampton Wanderers,Crystal Palace,True,484,9,427.88153449909134,9,True
4506472,2024-25,2024-11-02 17:30:00,Crystal Palace,Wolverhampton Wanderers,False,358,9,432.0979287851402,9,True
4506471,2024-25,2024-11-03 14:00:00,Tottenham Hotspur,Aston Villa,True,397,9,473.5911867626963,9,True
4506471,2024-25,2024-11-03 14:00:00,Aston Villa,Tottenham Hotspur,False,386,9,360.39645765580366,9,True
4506467,2024-25,2024-11-03 16:30:00,Manchester United,Chelsea,True,405,9,458.2631159703662,9,True
4506467,2024-25,2024-11-03 16:30:00,Chelsea,Manchester United,False,475,9,479.39520490303727,9,True
4506464,2024-25,2024-11-04 20:00:00,Fulham,Brentford,True,643,9,446.0128986754142,9,True
4506464,2024-25,2024-11-04 20:00:00,Brentford,Fulham,False,321,9,459.954116254291,9,True
4506473,2024-25,2024-11-09 15:00:00,Brentford,AFC Bournemouth,True,413,10,461.33095026796076,10,True
4506473,2024-25,2024-11-09 15:00:00,AFC Bournemouth,Brentford,False,386,10,415.9229656884996,10,True
4506476,2024-25,2024-11-09 15:00:00,Crystal Palace,Fulham,True,355,10,410.83046176675765,10,True
4506476,2024-25,2024-11-09 15:00:00,Fulham,Crystal Palace,False,625,10,485.4587291260252,10,True
4506481,2024-25,2024-11-09 15:00:00,West Ham United,Everton,True,447,10,485.4096896698219,10,True
4506481,2024-25,2024-11-09 15:00:00,Everton,West Ham United,False,450,10,384.2843850397153,10,True
4506482,2024-25,2024-11-09 15:00:00,Wolverhampton Wanderers,Southampton,True,278,10,413.37867739445886,10,True
4506482,2024-25,2024-11-09 15:00:00,Southampton,Wolverhampton Wanderers,False,673,10,489.50660170950783,10,True
4506474,2024-25,2024-11-09 17:30:00,Brighton & Hove Albion,Manchester City,True,426,10,404.56850080346135,10,True
4506474,2024-25,2024-11-09 17:30:00,Manchester City,Brighton & Hove Albion,False,653,10,528.3871965509572,10,True
4506477,2024-25,2024-11-09 20:00:00,Liverpool,Aston Villa,True,619,10,464.90006550574867,10,True
4506477,2024-25,2024-11-09 20:00:00,Aston Villa,Liverpool,False,351,10,416.5911620741736,10,True
4506478,2024-25,2024-11-10 14:00:00,Manchester United,Leicester City,True,491,10,495.19497379874895,10,True
4506478,2024-25,2024-11-10 14:00:00,Leicester City,Manchester United,False,466,10,412.0641882382749,10,True
4506479,2024-25,2024-11-10 14:00:00,Nottingham Forest,Newcastle United,True,383,10,371.5722320895396,10,True
4506479,2024-25,2024-11-10 14:00:00,Newcastle United,Nottingham Forest,False,494,10,482.54361072032447,10,True
4506480,2024-25,2024-11-10 14:00:00,Tottenham Hotspur,Ipswich Town,True,550,10,530.4081076724777,10,True
4506480,2024-25,2024-11-10 14:00:00,Ipswich Town,Tottenham Hotspur,False,278,10,323.1332711838102,10,True
4506475,2024-25,2024-11-10 16:30:00,Chelsea,Arsenal,True,419,10,444.174389594032,10,True
4506475,2024-25,2024-11-10 16:30:00,Arsenal,Chelsea,False,425,10,416.6446730382112,10,True
4506539,2024-25,2024-11-23 12:30:00,Leicester City,Chelsea,True,353,11,393.4451670801289,11,True
4506539,2024-25,2024-11-23 12:30:00,Chelsea,Leicester City,False,609,11,496.3767069063167,11,True
4506533,2024-25,2024-11-23 15:00:00,AFC Bournemouth,Brighton & Hove Albion,True,479,11,376.215858778601,11,True
4506533,2024-25,2024-11-23 15:00:00,Brighton & Hove Albion,AFC Bournemouth,False,421,11,490.10699873516074,11,True
4506534,2024-25,2024-11-23 15:00:00,Arsenal,Nottingham Forest,True,587,11,478.0902642303587,11,True
4506534,2024-25,2024-11-23 15:00:00,Nottingham Forest,Arsenal,False,295,11,356.184701202877,11,True
4506535,2024-25,2024-11-23 15:00:00,Aston Villa,Crystal Palace,True,617,11,463.22211489351116,11,True
4506535,2024-25,2024-11-23 15:00:00,Crystal Palace,Aston Villa,False,261,11,404.9571430386174,11,True
4506536,2024-25,2024-11-23 15:00:00,Everton,Brentford,True,465,11,382.4977434119239,11,True
4506536,2024-25,2024-11-23 15:00:00,Brentford,Everton,False,342,11,508.1366579393233,11,True
4506537,2024-25,2024-11-23 15:00:00,Fulham,Wolverhampton Wanderers,True,545,11,479.0035241866762,11,True
4506537,2024-25,2024-11-23 15:00:00,Wolverhampton Wanderers,Fulham,False,392,11,400.0043720062966,11,True
4506540,2024-25,2024-11-23 17:30:00,Manchester City,Tottenham Hotspur,True,566,11,470.13124618973023,11,True
4506540,2024-25,2024-11-23 17:30:00,Tottenham Hotspur,Manchester City,False,427,11,427.9073344648653,11,True
4506542,2024-25,2024-11-24 14:00:00,Southampton,Liverpool,True,365,11,465.71473063984473,11,True
4506542,2024-25,2024-11-24 14:00:00,Liverpool,Southampton,False,600,11,489.5864965034544,11,True
4506538,2024-25,2024-11-24 16:30:00,Ipswich Town,Manchester United,True,424,11,377.04501321833044,11,True
4506538,2024-25,2024-11-24 16:30:00,Manchester United,Ipswich Town,False,649,11,524.7548556496224,11,True
4506541,2024-25,2024-11-25 20:00:00,Newcastle United,West Ham United,True,509,11,467.3604983700397,11,True
4506541,2024-25,2024-11-25 20:00:00,West Ham United,Newcastle United,False,475,11,407.27595005143235,11,True
4506411,2024-25,2024-11-29 20:00:00,Brighton & Hove Albion,Southampton,True,458,12,456.7079353334876,12,True
4506411,2024-25,2024-11-29 20:00:00,Southampton,Brighton & Hove Albion,False,421,12,477.5215069526075,12,True
4506408,2024-25,2024-11-30 15:00:00,Brentford,Leicester City,True,576,12,443.23349928677226,12,True
4506408,2024-25,2024-11-30 15:00:00,Leicester City,Brentford,False,378,12,439.10948879740505,12,True
4506414,2024-25,2024-11-30 15:00:00,Crystal Palace,Newcastle United,True,402,12,395.06903332969557,12,True
4506414,2024-25,2024-11-30 15:00:00,Newcastle United,Crystal Palace,False,418,12,489.82787072118646,12,True
4506419,2024-25,2024-11-30 15:00:00,Nottingham Forest,Ipswich Town,True,310,12,419.02383138351513,12,True
4506419,2024-25,2024-11-30 15:00:00,Ipswich Town,Nottingham Forest,False,387,12,425.7043018518974,12,True
4506422,2024-25,2024-11-30 15:00:00,Wolverhampton Wanderers,AFC Bournemouth,True,520,12,414.6810787766895,12,True
4506422,2024-25,2024-11-30 15:00:00,AFC Bournemouth,Wolverhampton Wanderers,False,344,12,422.5641768754043,12,True
4506421,2024-25,2024-11-30 17:30:00,West Ham United,Arsenal,True,323,12,381.6077775920158,12,True
4506421,2024-25,2024-11-30 17:30:00,Arsenal,West Ham United,False,479,12,481.28062269485986,12,True
4506412,2024-25,2024-12-01 13:30:00,Chelsea,Aston Villa,True,623,12,457.5186604403212,12,True
4506412,2024-25,2024-12-01 13:30:00,Aston Villa,Chelsea,False,352,12,414.8470597843372,12,True
4506418,2024-25,2024-12-01 13:30:00,Manchester United,Everton,True,630,12,546.387056333901,12,True
4506418,2024-25,2024-12-01 13:30:00,Everton,Manchester United,False,412,12,378.610242614801,12,True
4506420,2024-25,2024-12-01 13:30:00,Tottenham Hotspur,Fulham,True,493,12,474.065824517855,12,True
4506420,2024-25,2024-12-01 13:30:00,Fulham,Tottenham Hotspur,False,454,12,401.0221628072195,12,True
4506416,2024-25,2024-12-01 16:00:00,Liverpool,Manchester City,True,415,12,443.74854556423986,12,True
4506416,2024-25,2024-12-01 16:00:00,Manchester City,Liverpool,False,544,12,529.7207515260352,12,True
4506428,2024-25,2024-12-03 19:30:00,Ipswich Town,Crystal Palace,True,526,13,416.2098672644826,13,True
4506428,2024-25,2024-12-03 19:30:00,Crystal Palace,Ipswich Town,False,440,13,436.4618445816283,13,True
4506429,2024-25,2024-12-03 20:15:00,Leicester City,West Ham United,True,379,13,442.51853303210305,13,True
4506429,2024-25,2024-12-03 20:15:00,West Ham United,Leicester City,False,591,13,442.06776393305097,13,True
4506426,2024-25,2024-12-04 19:30:00,Everton,Wolverhampton Wanderers,True,366,13,393.30533173399965,13,True
4506426,2024-25,2024-12-04 19:30:00,Wolverhampton Wanderers,Everton,False,473,13,469.07208065011946,13,True
4506430,2024-25,2024-12-04 19:30:00,Manchester City,Nottingham Forest,True,583,13,629.5312681126754,13,True
4506430,2024-25,2024-12-04 19:30:00,Nottingham Forest,Manchester City,False,288,13,324.04299895227985,13,True
4506431,2024-25,2024-12-04 19:30:00,Newcastle United,Liverpool,True,350,13,410.6051993245502,13,True
4506431,2024-25,2024-12-04 19:30:00,Liverpool,Newcastle United,False,514,13,495.9321782944867,13,True
4506432,2024-25,2024-12-04 19:30:00,Southampton,Chelsea,True,432,13,451.54132501166765,13,True
4506432,2024-25,2024-12-04 19:30:00,Chelsea,Southampton,False,535,13,485.81416264280807,13,True
4506424,2024-25,2024-12-04 20:15:00,Arsenal,Manchester United,True,463,13,454.85452906558896,13,True
4506424,2024-25,2024-12-04 20:15:00,Manchester United,Arsenal,False,476,13,440.6960648290879,13,True
4506425,2024-25,2024-12-04 20:15:00,Aston Villa,Brentford,True,387,13,457.9427672966137,13,True
4506425,2024-25,2024-12-04 20:15:00,Brentford,Aston Villa,False,402,13,420.0149283979949,13,True
4506427,2024-25,2024-12-05 19:30:00,Fulham,Brighton & Hove Albion,True,382,13,458.2013130797429,13,True
4506427,2024-25,2024-12-05 19:30:00,Brighton & Hove Albion,Fulham,False,499,13,453.3733668648007,13,True
4506423,2024-25,2024-12-05 20:15:00,AFC Bournemouth,Tottenham Hotspur,True,248,13,345.29784126194136,13,True
4506423,2024-25,2024-12-05 20:15:00,Tottenham Hotspur,AFC Bournemouth,False,480,13,503.90666226778467,13,True
4506433,2024-25,2024-12-07 15:00:00,Aston Villa,Southampton,True,421,14,430.8844810105799,14,True
4506433,2024-25,2024-12-07 15:00:00,Southampton,Aston Villa,False,490,14,470.99142553618145,14,True
4506434,2024-25,2024-12-07 15:00:00,Brentford,Newcastle United,True,395,14,424.9035401488747,14,True
4506434,2024-25,2024-12-07 15:00:00,Newcastle United,Brentford,False,495,14,450.8291835614558,14,True
4506435,2024-25,2024-12-07 15:00:00,Crystal Palace,Manchester City,True,333,14,349.2025154095983,14,True
4506435,2024-25,2024-12-07 15:00:00,Manchester City,Crystal Palace,False,719,14,627.1252182623343,14,True
4506440,2024-25,2024-12-07 17:30:00,Manchester United,Nottingham Forest,True,601,14,532.7735821339738,14,True
4506440,2024-25,2024-12-07 17:30:00,Nottingham Forest,Manchester United,False,242,14,374.36770252098313,14,True
4506437,2024-25,2024-12-08 14:00:00,Fulham,Arsenal,True,302,14,425.5949612123334,14,True
4506437,2024-25,2024-12-08 14:00:00,Arsenal,Fulham,False,587,14,446.23341951559934,14,True
4506438,2024-25,2024-12-08 14:00:00,Ipswich Town,AFC Bournemouth,True,340,14,405.61232933221714,14,True
4506438,2024-25,2024-12-08 14:00:00,AFC Bournemouth,Ipswich Town,False,443,14,428.44451753076527,14,True
4506439,2024-25,2024-12-08 14:00:00,Leicester City,Brighton & Hove Albion,True,520,14,390.87442935819234,14,True
4506439,2024-25,2024-12-08 14:00:00,Brighton & Hove Albion,Leicester City,False,429,14,507.89477153615593,14,True
4506441,2024-25,2024-12-08 16:30:00,Tottenham Hotspur,Chelsea,True,316,14,445.9893113239817,14,True
4506441,2024-25,2024-12-08 16:30:00,Chelsea,Tottenham Hotspur,False,517,14,422.2024609231689,14,True
4506442,2024-25,2024-12-09 20:00:00,West Ham United,Wolverhampton Wanderers,True,433,14,439.0643665436826,14,True
4506442,2024-25,2024-12-09 20:00:00,Wolverhampton Wanderers,West Ham United,False,377,14,438.64037894579184,14,True
4506444,2024-25,2024-12-14 15:00:00,Arsenal,Everton,True,684,15,520.256843615771,15,True
4506444,2024-25,2024-12-14 15:00:00,Everton,Arsenal,False,209,15,339.85422946273223,14,True
4506447,2024-25,2024-12-14 15:00:00,Liverpool,Fulham,True,529,15,508.23476636635013,14,True
4506447,2024-25,2024-12-14 15:00:00,Fulham,Liverpool,False,340,15,425.7093671837433,15,True
4506449,2024-25,2024-12-14 15:00:00,Newcastle United,Leicester City,True,633,15,468.866594040445,15,True
4506449,2024-25,2024-12-14 15:00:00,Leicester City,Newcastle United,False,424,15,415.31639807448823,15,True
4506452,2024-25,2024-12-14 15:00:00,Wolverhampton Wanderers,Ipswich Town,True,499,15,444.22143527860675,15,True
4506452,2024-25,2024-12-14 15:00:00,Ipswich Town,Wolverhampton Wanderers,False,420,15,401.92117625460986,15,True
4506450,2024-25,2024-12-14 17:30:00,Nottingham Forest,Aston Villa,True,472,15,349.7634660821016,15,True
4506450,2024-25,2024-12-14 17:30:00,Aston Villa,Nottingham Forest,False,468,15,478.1529928764132,15,True
4506445,2024-25,2024-12-15 14:00:00,Brighton & Hove Albion,Crystal Palace,True,570,15,509.91945069212306,15,True
4506445,2024-25,2024-12-15 14:00:00,Crystal Palace,Brighton & Hove Albion,False,306,15,394.9148347507253,15,True
4506448,2024-25,2024-12-15 16:30:00,Manchester City,Manchester United,True,498,15,560.2909586774529,15,True
4506448,2024-25,2024-12-15 16:30:00,Manchester United,Manchester City,False,468,15,432.9918595088071,15,True
4506446,2024-25,2024-12-15 19:00:00,Chelsea,Brentford,True,518,15,516.2953753080636,15,True
4506446,2024-25,2024-12-15 19:00:00,Brentford,Chelsea,False,327,15,392.154860627254,15,True
4506451,2024-25,2024-12-15 19:00:00,Southampton,Tottenham Hotspur,True,428,15,417.85522685569765,15,True
4506451,2024-25,2024-12-15 19:00:00,Tottenham Hotspur,Southampton,False,598,15,473.59872675203275,15,True
4506443,2024-25,2024-12-16 20:00:00,AFC Bournemouth,West Ham United,True,436,15,409.1038498304975,15,True
4506443,2024-25,2024-12-16 20:00:00,West Ham United,AFC Bournemouth,False,420,15,441.912489921149,15,True
4506453,2024-25,2024-12-21 12:30:00,Aston Villa,Manchester City,True,428,16,380.41749191153485,16,True
4506453,2024-25,2024-12-21 12:30:00,Manchester City,Aston Villa,False,537,16,558.7569480896547,16,True
4506454,2024-25,2024-12-21 15:00:00,Brentford,Nottingham Forest,True,532,16,463.8615900530081,16,True
4506454,2024-25,2024-12-21 15:00:00,Nottingham Forest,Brentford,False,303,16,382.79727904238274,16,True
4506458,2024-25,2024-12-21 15:00:00,Ipswich Town,Newcastle United,True,431,16,384.2360041602021,16,True
4506458,2024-25,2024-12-21 15:00:00,Newcastle United,Ipswich Town,False,616,16,492.8487197604137,16,True
4506462,2024-25,2024-12-21 15:00:00,West Ham United,Brighton & Hove Albion,True,372,16,409.989415991185,16,True
4506462,2024-25,2024-12-21 15:00:00,Brighton & Hove Albion,West Ham United,False,438,16,484.1272839255204,16,True
4506455,2024-25,2024-12-21 17:30:00,Crystal Palace,Arsenal,True,392,16,347.44830381396093,16,True
4506455,2024-25,2024-12-21 17:30:00,Arsenal,Crystal Palace,False,552,16,523.6797976947536,16,True
4506456,2024-25,2024-12-22 14:00:00,Everton,Chelsea,True,209,16,331.388247789718,15,True
4506456,2024-25,2024-12-22 14:00:00,Chelsea,Everton,False,642,16,577.6077881792023,16,True
4506457,2024-25,2024-12-22 14:00:00,Fulham,Southampton,True,538,16,458.9462799159897,16,True
4506457,2024-25,2024-12-22 14:00:00,Southampton,Fulham,False,419,16,490.11344538058034,16,True
4506459,2024-25,2024-12-22 14:00:00,Leicester City,Wolverhampton Wanderers,True,546,16,436.5315390352603,16,True
4506459,2024-25,2024-12-22 14:00:00,Wolverhampton Wanderers,Leicester City,False,479,16,451.04110433619553,16,True
4506460,2024-25,2024-12-22 14:00:00,Manchester United,AFC Bournemouth,True,492,16,509.1586297816716,16,True
4506460,2024-25,2024-12-22 14:00:00,AFC Bournemouth,Manchester United,False,337,16,386.3717707490991,16,True
4506461,2024-25,2024-12-22 16:30:00,Tottenham Hotspur,Liverpool,True,547,16,438.02108771496046,16,True
4506461,2024-25,2024-12-22 16:30:00,Liverpool,Tottenham Hotspur,False,502,16,438.73214664885984,15,True
4506488,2024-25,2024-12-26 12:30:00,Manchester City,Everton,True,645,17,653.5937187632204,17,True
4506488,2024-25,2024-12-26 12:30:00,Everton,Manchester City,False,318,17,318.71081287989824,16,True
4506483,2024-25,2024-12-26 15:00:00,AFC Bournemouth,Crystal Palace,True,457,17,439.477502753667,17,True
4506483,2024-25,2024-12-26 15:00:00,Crystal Palace,AFC Bournemouth,False,430,17,406.9293676396746,17,True
4506486,2024-25,2024-12-26 15:00:00,Chelsea,Fulham,True,506,17,503.66600047970013,17,True
4506486,2024-25,2024-12-26 15:00:00,Fulham,Chelsea,False,567,17,400.8412554330103,17,True
4506489,2024-25,2024-12-26 15:00:00,Newcastle United,Aston Villa,True,550,17,451.608252747757,17,True
4506489,2024-25,2024-12-26 15:00:00,Aston Villa,Newcastle United,False,316,17,432.2578248219806,17,True
4506490,2024-25,2024-12-26 15:00:00,Nottingham Forest,Tottenham Hotspur,True,261,17,323.22920919813896,17,True
4506490,2024-25,2024-12-26 15:00:00,Tottenham Hotspur,Nottingham Forest,False,620,17,533.9822650691333,17,True
4506491,2024-25,2024-12-26 15:00:00,Southampton,West Ham United,True,475,17,499.3790243985337,17,True
4506491,2024-25,2024-12-26 15:00:00,West Ham United,Southampton,False,409,17,429.39848201352544,17,True
4506492,2024-25,2024-12-26 17:30:00,Wolverhampton Wanderers,Manchester United,True,474,17,404.35677147379874,17,True
4506492,2024-25,2024-12-26 17:30:00,Manchester United,Wolverhampton Wanderers,False,457,17,517.6281846147638,17,True
4506487,2024-25,2024-12-26 20:00:00,Liverpool,Leicester City,True,649,17,559.0949603322334,16,True
4506487,2024-25,2024-12-26 20:00:00,Leicester City,Liverpool,False,310,17,394.7181471144033,17,True
4506485,2024-25,2024-12-27 19:30:00,Brighton & Hove Albion,Brentford,True,493,17,470.2257682917898,17,True
4506485,2024-25,2024-12-27 19:30:00,Brentford,Brighton & Hove Albion,False,357,17,409.165099114854,17,True
4506484,2024-25,2024-12-27 20:15:00,Arsenal,Ipswich Town,True,670,17,524.5447476266571,17,True
4506484,2024-25,2024-12-27 20:15:00,Ipswich Town,Arsenal,False,318,17,345.1702844614955,17,True
4506499,2024-25,2024-12-29 14:30:00,Leicester City,Manchester City,True,578,18,375.92485006203583,18,True
4506499,2024-25,2024-12-29 14:30:00,Manchester City,Leicester City,False,505,18,614.7611982597014,18,True
4506495,2024-25,2024-12-29 15:00:00,Crystal Palace,Southampton,True,386,18,409.3493314824035,18,True
4506495,2024-25,2024-12-29 15:00:00,Southampton,Crystal Palace,False,445,18,531.250037159098,18,True
4506496,2024-25,2024-12-29 15:00:00,Everton,Nottingham Forest,True,484,18,402.91106035532425,17,True
4506496,2024-25,2024-12-29 15:00:00,Nottingham Forest,Everton,False,288,18,416.3533326439903,18,True
4506497,2024-25,2024-12-29 15:00:00,Fulham,AFC Bournemouth,True,485,18,482.18311341239223,18,True
4506497,2024-25,2024-12-29 15:00:00,AFC Bournemouth,Fulham,False,439,18,391.3218066879361,18,True
4506501,2024-25,2024-12-29 15:00:00,Tottenham Hotspur,Wolverhampton Wanderers,True,415,18,515.4647182315198,18,True
4506501,2024-25,2024-12-29 15:00:00,Wolverhampton Wanderers,Tottenham Hotspur,False,457,18,363.1788638917889,18,True
4506502,2024-25,2024-12-29 17:15:00,West Ham United,Liverpool,True,466,18,386.8965864459788,18,True
4506502,2024-25,2024-12-29 17:15:00,Liverpool,West Ham United,False,540,18,526.318129734413,17,True
4506493,2024-25,2024-12-30 19:45:00,Aston Villa,Brighton & Hove Albion,True,486,18,409.29719518132293,18,True
4506493,2024-25,2024-12-30 19:45:00,Brighton & Hove Albion,Aston Villa,False,329,18,457.64454290678,18,True
4506498,2024-25,2024-12-30 19:45:00,Ipswich Town,Chelsea,True,227,18,355.101276109738,18,True
4506498,2024-25,2024-12-30 19:45:00,Chelsea,Ipswich Town,False,729,18,563.927208400547,18,True
4506500,2024-25,2024-12-30 20:00:00,Manchester United,Newcastle United,True,587,18,480.4019254795161,18,True
4506500,2024-25,2024-12-30 20:00:00,Newcastle United,Manchester United,False,518,18,450.6893641342867,18,True
4506494,2024-25,2025-01-01 17:30:00,Brentford,Arsenal,True,485,19,375.3034052443494,18,True
4506494,2024-25,2025-01-01 17:30:00,Arsenal,Brentford,False,465,19,486.04419258183054,18,True
4506511,2024-25,2025-01-04 12:30:00,Tottenham Hotspur,Newcastle United,True,466,20,482.72545977437517,19,True
4506511,2024-25,2025-01-04 12:30:00,Newcastle United,Tottenham Hotspur,False,359,20,410.35924639665683,19,True
4506503,2024-25,2025-01-04 15:00:00,AFC Bournemouth,Everton,True,437,20,454.1165541050857,19,True
4506503,2024-25,2025-01-04 15:00:00,Everton,AFC Bournemouth,False,323,20,374.2327749265353,18,True
4506504,2024-25,2025-01-04 15:00:00,Aston Villa,Leicester City,True,616,20,474.6638583825008,19,True
4506504,2024-25,2025-01-04 15:00:00,Leicester City,Aston Villa,False,397,20,424.7200109823681,19,True
4506506,2024-25,2025-01-04 15:00:00,Crystal Palace,Chelsea,True,345,20,355.3135025615776,19,True
4506506,2024-25,2025-01-04 15:00:00,Chelsea,Crystal Palace,False,566,20,561.6723119379503,19,True
4506509,2024-25,2025-01-04 15:00:00,Manchester City,West Ham United,True,556,20,575.4468686937565,19,True
4506509,2024-25,2025-01-04 15:00:00,West Ham United,Manchester City,False,433,20,385.7248322756905,19,True
4506510,2024-25,2025-01-04 15:00:00,Southampton,Brentford,True,465,20,484.948438192626,19,True
4506510,2024-25,2025-01-04 15:00:00,Brentford,Southampton,False,458,20,432.36903744726567,19,True
4506505,2024-25,2025-01-04 17:30:00,Brighton & Hove Albion,Arsenal,True,427,20,407.7934980286089,19,True
4506505,2024-25,2025-01-04 17:30:00,Arsenal,Brighton & Hove Albion,False,519,20,452.89028248574556,19,True
4506507,2024-25,2025-01-05 14:00:00,Fulham,Ipswich Town,True,681,20,539.1788771697935,19,True
4506507,2024-25,2025-01-05 14:00:00,Ipswich Town,Fulham,False,260,20,383.6041144570623,19,True
4506508,2024-25,2025-01-05 16:30:00,Liverpool,Manchester United,True,438,20,510.64292458548016,18,True
4506508,2024-25,2025-01-05 16:30:00,Manchester United,Liverpool,False,383,20,452.972487260648,19,True
4506512,2024-25,2025-01-06 20:00:00,Wolverhampton Wanderers,Nottingham Forest,True,549,20,475.49880666947996,19,True
4506512,2024-25,2025-01-06 20:00:00,Nottingham Forest,Wolverhampton Wanderers,False,361,20,362.6119421844054,19,True
4506514,2024-25,2025-01-14 19:30:00,Brentford,Manchester City,True,415,21,401.81265198606343,20,True
4506514,2024-25,2025-01-14 19:30:00,Manchester City,Brentford,False,519,21,553.3788784661914,20,True
4506519,2024-25,2025-01-14 19:30:00,West Ham United,Fulham,True,423,21,430.2023861448458,20,True
4506519,2024-25,2025-01-14 19:30:00,Fulham,West Ham United,False,522,21,484.1868108807897,20,True
4506520,2024-25,2025-01-14 19:30:00,Chelsea,AFC Bournemouth,True,426,21,524.6758043087515,20,True
4506520,2024-25,2025-01-14 19:30:00,AFC Bournemouth,Chelsea,False,320,21,346.6183382073659,20,True
4506518,2024-25,2025-01-14 20:00:00,Nottingham Forest,Liverpool,True,235,21,329.75417516336046,20,True
4506518,2024-25,2025-01-14 20:00:00,Liverpool,Nottingham Forest,False,566,21,561.3054595430838,19,True
4506515,2024-25,2025-01-15 19:30:00,Everton,Aston Villa,True,417,21,362.77273640641613,19,True
4506515,2024-25,2025-01-15 19:30:00,Aston Villa,Everton,False,436,21,493.0685156588887,20,True
4506517,2024-25,2025-01-15 19:30:00,Leicester City,Crystal Palace,True,609,21,484.8690685869657,20,True
4506517,2024-25,2025-01-15 19:30:00,Crystal Palace,Leicester City,False,456,21,436.2188674114843,20,True
4506521,2024-25,2025-01-15 19:30:00,Newcastle United,Wolverhampton Wanderers,True,584,21,480.5583462572808,20,True
4506521,2024-25,2025-01-15 19:30:00,Wolverhampton Wanderers,Newcastle United,False,380,21,418.7555502378946,20,True
4506513,2024-25,2025-01-15 20:00:00,Arsenal,Tottenham Hotspur,True,426,21,427.9573244689625,20,True
4506513,2024-25,2025-01-15 20:00:00,Tottenham Hotspur,Arsenal,False,375,21,428.9895358163261,20,True
4506516,2024-25,2025-01-16 19:30:00,Ipswich Town,Brighton & Hove Albion,True,410,21,367.6967008594736,20,True
4506516,2024-25,2025-01-16 19:30:00,Brighton & Hove Albion,Ipswich Town,False,468,21,521.5203735122786,20,True
4506522,2024-25,2025-01-16 20:00:00,Manchester United,Southampton,True,594,21,500.1323445812245,20,True
4506522,2024-25,2025-01-16 20:00:00,Southampton,Manchester United,False,406,21,457.34219256536306,20,True
4506530,2024-25,2025-01-18 12:30:00,Newcastle United,AFC Bournemouth,True,395,22,474.9291924678034,21,True
4506530,2024-25,2025-01-18 12:30:00,AFC Bournemouth,Newcastle United,False,321,22,384.4775644086721,21,True
4506524,2024-25,2025-01-18 15:00:00,Brentford,Liverpool,True,319,22,395.38377628006555,21,True
4506524,2024-25,2025-01-18 15:00:00,Liverpool,Brentford,False,484,22,507.17661175509534,20,True
4506528,2024-25,2025-01-18 15:00:00,Leicester City,Fulham,True,380,22,441.15330387295603,21,True
4506528,2024-25,2025-01-18 15:00:00,Fulham,Leicester City,False,590,22,522.2707188790946,21,True
4506532,2024-25,2025-01-18 15:00:00,West Ham United,Crystal Palace,True,547,22,486.08543872546244,21,True
4506532,2024-25,2025-01-18 15:00:00,Crystal Palace,West Ham United,False,474,22,411.1559351012541,21,True
4506523,2024-25,2025-01-18 17:30:00,Arsenal,Aston Villa,True,483,22,478.8391996636596,21,True
4506523,2024-25,2025-01-18 17:30:00,Aston Villa,Arsenal,False,262,22,386.0088992567713,21,True
4506526,2024-25,2025-01-19 14:00:00,Everton,Tottenham Hotspur,True,326,22,329.951052468132,20,True
4506526,2024-25,2025-01-19 14:00:00,Tottenham Hotspur,Everton,False,612,22,534.1358677704899,21,True
4506529,2024-25,2025-01-19 14:00:00,Manchester United,Brighton & Hove Albion,True,463,22,484.5644404725996,21,True
4506529,2024-25,2025-01-19 14:00:00,Brighton & Hove Albion,Manchester United,False,437,22,435.7823428762906,21,True
4506531,2024-25,2025-01-19 14:00:00,Nottingham Forest,Southampton,True,386,22,363.3480457419607,21,True
4506531,2024-25,2025-01-19 14:00:00,Southampton,Nottingham Forest,False,475,22,517.8464883638878,21,True
4506527,2024-25,2025-01-19 16:30:00,Ipswich Town,Manchester City,True,353,22,353.5535620093586,21,True
4506527,2024-25,2025-01-19 16:30:00,Manchester City,Ipswich Town,False,747,22,624.1041616602233,21,True
4506525,2024-25,2025-01-20 20:00:00,Chelsea,Wolverhampton Wanderers,True,567,22,529.6160387272046,21,True
4506525,2024-25,2025-01-20 20:00:00,Wolverhampton Wanderers,Chelsea,False,333,22,372.059813736402,21,True
4506603,2024-25,2025-01-25 15:00:00,AFC Bournemouth,Nottingham Forest,True,358,23,439.9441308697742,22,True
4506603,2024-25,2025-01-25 15:00:00,Nottingham Forest,AFC Bournemouth,False,338,23,348.94940796889233,22,True
4506605,2024-25,2025-01-25 15:00:00,Brighton & Hove Albion,Everton,True,641,23,515.5584078583502,22,True
4506605,2024-25,2025-01-25 15:00:00,Everton,Brighton & Hove Albion,False,298,23,355.93687015388787,21,True
4506608,2024-25,2025-01-25 15:00:00,Liverpool,Ipswich Town,True,746,23,591.7467844653361,21,True
4506608,2024-25,2025-01-25 15:00:00,Ipswich Town,Liverpool,False,312,23,337.90151682063544,22,True
4506610,2024-25,2025-01-25 15:00:00,Southampton,Newcastle United,True,470,23,457.45640849729267,22,True
4506610,2024-25,2025-01-25 15:00:00,Newcastle United,Southampton,False,428,23,470.96384132144095,22,True
4506612,2024-25,2025-01-25 15:00:00,Wolverhampton Wanderers,Arsenal,True,433,23,376.0065199900342,22,True
4506612,2024-25,2025-01-25 15:00:00,Arsenal,Wolverhampton Wanderers,False,397,23,495.95261176751404,22,True
4506609,2024-25,2025-01-25 17:30:00,Manchester City,Chelsea,True,567,23,487.50822181845746,22,True
4506609,2024-25,2025-01-25 17:30:00,Chelsea,Manchester City,False,425,23,461.96923930650075,22,True
4506606,2024-25,2025-01-26 14:00:00,Crystal Palace,Brentford,True,315,23,412.54672789740107,22,True
4506606,2024-25,2025-01-26 14:00:00,Brentford,Crystal Palace,False,352,23,480.72623938703407,22,True
4506611,2024-25,2025-01-26 14:00:00,Tottenham Hotspur,Leicester City,True,535,23,544.587166761352,22,True
4506611,2024-25,2025-01-26 14:00:00,Leicester City,Tottenham Hotspur,False,354,23,383.2471343539334,22,True
4506604,2024-25,2025-01-26 16:30:00,Aston Villa,West Ham United,True,378,23,453.18693416086217,22,True
4506604,2024-25,2025-01-26 16:30:00,West Ham United,Aston Villa,False,443,23,424.4816602557638,22,True
4506607,2024-25,2025-01-26 19:00:00,Fulham,Manchester United,True,496,23,472.09374228042503,22,True
4506607,2024-25,2025-01-26 19:00:00,Manchester United,Fulham,False,491,23,481.14782314236834,22,True
4506621,2024-25,2025-02-01 12:30:00,Nottingham Forest,Brighton & Hove Albion,True,326,24,345.9085584040455,23,True
4506621,2024-25,2025-02-01 12:30:00,Brighton & Hove Albion,Nottingham Forest,False,534,24,497.7091761178751,23,True
4506613,2024-25,2025-02-01 15:00:00,AFC Bournemouth,Liverpool,True,409,24,350.60209271498127,23,True
4506613,2024-25,2025-02-01 15:00:00,Liverpool,AFC Bournemouth,False,426,24,501.875524247644,22,True
4506617,2024-25,2025-02-01 15:00:00,Everton,Leicester City,True,443,24,415.1961853994267,22,True
4506617,2024-25,2025-02-01 15:00:00,Leicester City,Everton,False,489,24,493.94919025316295,23,True
4506618,2024-25,2025-02-01 15:00:00,Ipswich Town,Southampton,True,538,24,393.341353661893,23,True
4506618,2024-25,2025-02-01 15:00:00,Southampton,Ipswich Town,False,402,24,542.8347003896112,23,True
4506620,2024-25,2025-02-01 15:00:00,Newcastle United,Fulham,True,403,24,460.9499595757247,23,True
4506620,2024-25,2025-02-01 15:00:00,Fulham,Newcastle United,False,431,24,463.1318174392563,23,True
4506622,2024-25,2025-02-01 17:30:00,Wolverhampton Wanderers,Aston Villa,True,247,24,430.4664629866335,23,True
4506622,2024-25,2025-02-01 17:30:00,Aston Villa,Wolverhampton Wanderers,False,554,24,434.66105986878495,23,True
4506615,2024-25,2025-02-02 14:00:00,Brentford,Tottenham Hotspur,True,475,24,378.09339632024347,23,True
4506615,2024-25,2025-02-02 14:00:00,Tottenham Hotspur,Brentford,False,432,24,475.6416851120577,23,True
4506619,2024-25,2025-02-02 14:00:00,Manchester United,Crystal Palace,True,563,24,555.770392731075,23,True
4506619,2024-25,2025-02-02 14:00:00,Crystal Palace,Manchester United,False,288,24,386.6694634095479,23,True
4506614,2024-25,2025-02-02 16:30:00,Arsenal,Manchester City,True,398,24,441.29896560080925,23,True
4506614,2024-25,2025-02-02 16:30:00,Manchester City,Arsenal,False,474,24,484.87665462132856,23,True
4506616,2024-25,2025-02-03 20:00:00,Chelsea,West Ham United,True,597,24,527.983226315431,23,True
4506616,2024-25,2025-02-03 20:00:00,West Ham United,Chelsea,False,280,24,381.371843797049,23,True
4506436,2024-25,2025-02-12 19:30:00,Everton,Liverpool,True,307,25,338.18015114029663,23,True
4506436,2024-25,2025-02-12 19:30:00,Liverpool,Everton,False,546,25,574.5895224603555,23,True
4506624,2024-25,2025-02-14 20:00:00,Brighton & Hove Albion,Chelsea,True,327,26,408.94661144638286,24,True
4506624,2024-25,2025-02-14 20:00:00,Chelsea,Brighton & Hove Albion,False,735,26,481.198619067801,24,True
4506627,2024-25,2025-02-15 12:30:00,Leicester City,Arsenal,True,321,26,390.9499145718889,24,True
4506627,2024-25,2025-02-15 12:30:00,Arsenal,Leicester City,False,491,26,521.0121523746872,24,True
4506623,2024-25,2025-02-15 15:00:00,Aston Villa,Ipswich Town,True,666,26,509.4198312748305,24,True
4506623,2024-25,2025-02-15 15:00:00,Ipswich Town,Aston Villa,False,219,26,374.292951538926,24,True
4506626,2024-25,2025-02-15 15:00:00,Fulham,Nottingham Forest,True,499,26,535.3232597128663,24,True
4506626,2024-25,2025-02-15 15:00:00,Nottingham Forest,Fulham,False,404,26,343.1599589480703,24,True
4506629,2024-25,2025-02-15 15:00:00,Manchester City,Newcastle United,True,590,26,546.1229823408731,24,True
4506629,2024-25,2025-02-15 15:00:00,Newcastle United,Manchester City,False,353,26,413.76895826017807,24,True
4506630,2024-25,2025-02-15 15:00:00,Southampton,AFC Bournemouth,True,386,26,457.79621387950647,24,True
4506630,2024-25,2025-02-15 15:00:00,AFC Bournemouth,Southampton,False,483,26,402.0989340520853,24,True
4506632,2024-25,2025-02-15 15:00:00,West Ham United,Brentford,True,501,26,432.3850703038564,24,True
4506632,2024-25,2025-02-15 15:00:00,Brentford,West Ham United,False,362,26,441.6734449375656,24,True
4506625,2024-25,2025-02-15 17:30:00,Crystal Palace,Everton,True,520,26,455.5404071876645,24,True
4506625,2024-25,2025-02-15 17:30:00,Everton,Crystal Palace,False,368,26,406.6104856351674,24,True
4506628,2024-25,2025-02-16 14:00:00,Liverpool,Wolverhampton Wanderers,True,443,26,534.9129932637949,24,True
4506628,2024-25,2025-02-16 14:00:00,Wolverhampton Wanderers,Liverpool,False,458,26,371.61873416112815,24,True
4506631,2024-25,2025-02-16 16:30:00,Tottenham Hotspur,Manchester United,True,521,26,471.23810884174145,24,True
4506631,2024-25,2025-02-16 16:30:00,Manchester United,Tottenham Hotspur,False,412,26,436.91742714880996,24,True
4506355,2024-25,2025-02-19 19:30:00,Aston Villa,Liverpool,True,449,27,405.96983408634713,25,True
4506355,2024-25,2025-02-19 19:30:00,Liverpool,Aston Villa,False,407,27,470.79124227249144,25,True
4506639,2024-25,2025-02-21 20:00:00,Leicester City,Brentford,True,382,28,439.6134924931139,25,True
4506639,2024-25,2025-02-21 20:00:00,Brentford,Leicester City,False,425,28,464.7779609829464,25,True
4506636,2024-25,2025-02-22 12:30:00,Everton,Manchester United,True,313,28,364.97521313381867,25,True
4506636,2024-25,2025-02-22 12:30:00,Manchester United,Everton,False,533,28,553.3096838749931,25,True
4506633,2024-25,2025-02-22 15:00:00,AFC Bournemouth,Wolverhampton Wanderers,True,360,28,415.28241893168115,25,True
4506633,2024-25,2025-02-22 15:00:00,Wolverhampton Wanderers,AFC Bournemouth,False,454,28,409.0426634299335,25,True
4506634,2024-25,2025-02-22 15:00:00,Arsenal,West Ham United,True,642,28,491.58102797615453,25,True
4506634,2024-25,2025-02-22 15:00:00,West Ham United,Arsenal,False,309,28,375.43964625300987,25,True
4506637,2024-25,2025-02-22 15:00:00,Fulham,Crystal Palace,True,543,28,533.4346693441555,25,True
4506637,2024-25,2025-02-22 15:00:00,Crystal Palace,Fulham,False,334,28,388.9668637203436,25,True
4506638,2024-25,2025-02-22 15:00:00,Ipswich Town,Tottenham Hotspur,True,355,28,346.0870025874093,25,True
4506638,2024-25,2025-02-22 15:00:00,Tottenham Hotspur,Ipswich Town,False,533,28,561.0387080760894,25,True
4506642,2024-25,2025-02-22 15:00:00,Southampton,Brighton & Hove Albion,True,431,28,457.4309363109893,25,True
4506642,2024-25,2025-02-22 15:00:00,Brighton & Hove Albion,Southampton,False,436,28,470.8209917037755,25,True
4506635,2024-25,2025-02-22 17:30:00,Aston Villa,Chelsea,True,484,28,390.5484965868113,26,True
4506635,2024-25,2025-02-22 17:30:00,Chelsea,Aston Villa,False,446,28,484.54756177261,25,True
4506641,2024-25,2025-02-23 14:00:00,Newcastle United,Nottingham Forest,True,463,28,508.09410960894644,25,True
4506641,2024-25,2025-02-23 14:00:00,Nottingham Forest,Newcastle United,False,345,28,345.87669318769355,25,True
4506640,2024-25,2025-02-23 16:30:00,Manchester City,Liverpool,True,659,28,514.0438441941932,25,True
4506640,2024-25,2025-02-23 16:30:00,Liverpool,Manchester City,False,332,28,444.60072548317083,26,True
4506334,2024-25,2025-02-25 19:30:00,Brighton & Hove Albion,AFC Bournemouth,True,368,29,453.565314603088,26,True
4506334,2024-25,2025-02-25 19:30:00,AFC Bournemouth,Brighton & Hove Albion,False,467,29,383.4770895126584,26,True
4506338,2024-25,2025-02-25 19:30:00,Wolverhampton Wanderers,Fulham,True,570,29,425.6124462691592,26,True
4506338,2024-25,2025-02-25 19:30:00,Fulham,Wolverhampton Wanderers,False,387,29,481.29828201084695,26,True
4506339,2024-25,2025-02-25 19:30:00,Crystal Palace,Aston Villa,True,257,29,380.1403770151815,26,True
4506339,2024-25,2025-02-25 19:30:00,Aston Villa,Crystal Palace,False,468,29,488.04003609551893,27,True
4506340,2024-25,2025-02-25 20:15:00,Chelsea,Southampton,True,620,29,547.029105136513,26,True
4506340,2024-25,2025-02-25 20:15:00,Southampton,Chelsea,False,415,29,394.52269236557623,26,True
4506333,2024-25,2025-02-26 19:30:00,Brentford,Everton,True,458,29,488.99127612391857,26,True
4506333,2024-25,2025-02-26 19:30:00,Everton,Brentford,False,425,29,359.9062214940246,26,True
4506335,2024-25,2025-02-26 19:30:00,Nottingham Forest,Arsenal,True,268,29,317.1186668725419,26,True
4506335,2024-25,2025-02-26 19:30:00,Arsenal,Nottingham Forest,False,502,29,516.2945123347606,26,True
4506336,2024-25,2025-02-26 19:30:00,Tottenham Hotspur,Manchester City,True,529,29,437.39128352729966,26,True
4506336,2024-25,2025-02-26 19:30:00,Manchester City,Tottenham Hotspur,False,416,29,495.71863187025923,26,True
4506342,2024-25,2025-02-26 19:30:00,Manchester United,Ipswich Town,True,364,29,581.9798589019668,26,True
4506342,2024-25,2025-02-26 19:30:00,Ipswich Town,Manchester United,False,451,29,365.73906329254066,26,True
4506341,2024-25,2025-02-26 20:15:00,Liverpool,Newcastle United,True,594,29,489.00442591463855,27,True
4506341,2024-25,2025-02-26 20:15:00,Newcastle United,Liverpool,False,366,29,415.75110937128295,26,True
4506337,2024-25,2025-02-27 20:00:00,West Ham United,Leicester City,True,647,29,483.04803888564606,26,True
4506337,2024-25,2025-02-27 20:00:00,Leicester City,West Ham United,False,462,29,443.84125478294897,26,True
4506349,2024-25,2025-03-08 12:30:00,Nottingham Forest,Manchester City,True,261,30,327.6337754021657,27,True
4506349,2024-25,2025-03-08 12:30:00,Manchester City,Nottingham Forest,False,609,30,598.6456706360184,27,True
4506344,2024-25,2025-03-08 15:00:00,Brighton & Hove Albion,Fulham,True,514,30,456.70657918093315,27,True
4506344,2024-25,2025-03-08 15:00:00,Fulham,Brighton & Hove Albion,False,441,30,462.73556619683194,27,True
4506346,2024-25,2025-03-08 15:00:00,Crystal Palace,Ipswich Town,True,407,30,455.05544476117876,27,True
4506346,2024-25,2025-03-08 15:00:00,Ipswich Town,Crystal Palace,False,335,30,420.8418045440675,27,True
4506347,2024-25,2025-03-08 15:00:00,Liverpool,Southampton,True,655,30,530.0825826988729,28,True
4506347,2024-25,2025-03-08 15:00:00,Southampton,Liverpool,False,267,30,415.3418420639729,27,True
4506343,2024-25,2025-03-08 17:30:00,Brentford,Aston Villa,True,459,30,395.671708489067,27,True
4506343,2024-25,2025-03-08 17:30:00,Aston Villa,Brentford,False,316,30,441.2662536582486,28,True
4506352,2024-25,2025-03-08 20:00:00,Wolverhampton Wanderers,Everton,True,597,30,502.26353069785773,27,True
4506352,2024-25,2025-03-08 20:00:00,Everton,Wolverhampton Wanderers,False,306,30,370.9109925753053,27,True
4506345,2024-25,2025-03-09 14:00:00,Chelsea,Leicester City,True,541,30,591.6438467489739,27,True
4506345,2024-25,2025-03-09 14:00:00,Leicester City,Chelsea,False,417,30,376.13521499197606,27,True
4506350,2024-25,2025-03-09 14:00:00,Tottenham Hotspur,AFC Bournemouth,True,528,30,479.0136307048168,27,True
4506350,2024-25,2025-03-09 14:00:00,AFC Bournemouth,Tottenham Hotspur,False,336,30,349.75402296533207,27,True
4506348,2024-25,2025-03-09 16:30:00,Manchester United,Arsenal,True,275,30,419.12454319203397,27,True
4506348,2024-25,2025-03-09 16:30:00,Arsenal,Manchester United,False,587,30,460.3044659123966,27,True
4506351,2024-25,2025-03-10 20:00:00,West Ham United,Newcastle United,True,461,30,441.6656952424365,27,True
4506351,2024-25,2025-03-10 20:00:00,Newcastle United,West Ham United,False,433,30,466.0436835376052,27,True
4506356,2024-25,2025-03-15 15:00:00,Everton,West Ham United,True,488,31,391.9641144929187,28,True
4506356,2024-25,2025-03-15 15:00:00,West Ham United,Everton,False,430,31,496.9102514916185,28,True
4506358,2024-25,2025-03-15 15:00:00,Ipswich Town,Nottingham Forest,True,438,31,425.4953374295897,28,True
4506358,2024-25,2025-03-15 15:00:00,Nottingham Forest,Ipswich Town,False,356,31,397.96820587720975,28,True
4506360,2024-25,2025-03-15 15:00:00,Manchester City,Brighton & Hove Albion,True,502,31,563.6378235158193,28,True
4506360,2024-25,2025-03-15 15:00:00,Brighton & Hove Albion,Manchester City,False,328,31,399.4747037441492,28,True
4506362,2024-25,2025-03-15 15:00:00,Southampton,Wolverhampton Wanderers,True,596,31,459.1431498618438,28,True
4506362,2024-25,2025-03-15 15:00:00,Wolverhampton Wanderers,Southampton,False,413,31,460.2361565693129,28,True
4506353,2024-25,2025-03-15 17:30:00,AFC Bournemouth,Brentford,True,488,31,400.6672944288803,28,True
4506353,2024-25,2025-03-15 17:30:00,Brentford,AFC Bournemouth,False,350,31,407.87593426092855,28,True
4506354,2024-25,2025-03-16 13:30:00,Arsenal,Chelsea,True,348,31,437.85289318228735,28,True
4506354,2024-25,2025-03-16 13:30:00,Chelsea,Arsenal,False,515,31,431.2903318233537,28,True
4506357,2024-25,2025-03-16 13:30:00,Fulham,Tottenham Hotspur,True,528,31,425.75617974232455,28,True
4506357,2024-25,2025-03-16 13:30:00,Tottenham Hotspur,Fulham,False,411,31,482.4450474109717,28,True
4506359,2024-25,2025-03-16 19:00:00,Leicester City,Manchester United,True,520,31,439.41107745866833,28,True
4506359,2024-25,2025-03-16 19:00:00,Manchester United,Leicester City,False,461,31,515.3150388581585,28,True
4506364,2024-25,2025-04-01 18:45:00,Arsenal,Fulham,True,479,32,486.38627678576734,29,True
4506364,2024-25,2025-04-01 18:45:00,Fulham,Arsenal,False,473,32,401.0432440487383,29,True
4506367,2024-25,2025-04-01 18:45:00,Wolverhampton Wanderers,West Ham United,True,406,32,470.7425203806631,29,True
4506367,2024-25,2025-04-01 18:45:00,West Ham United,Wolverhampton Wanderers,False,572,32,438.66257709343193,29,True
4506366,2024-25,2025-04-01 19:00:00,Nottingham Forest,Manchester United,True,310,32,360.74627082291545,29,True
4506366,2024-25,2025-04-01 19:00:00,Manchester United,Nottingham Forest,False,649,32,501.66848951680095,29,True
4506363,2024-25,2025-04-02 18:45:00,AFC Bournemouth,Ipswich Town,True,522,32,467.8965465265086,29,True
4506363,2024-25,2025-04-02 18:45:00,Ipswich Town,AFC Bournemouth,False,298,32,366.42665487595696,29,True
4506365,2024-25,2025-04-02 18:45:00,Brighton & Hove Albion,Aston Villa,True,464,32,428.0867172334797,29,True
4506365,2024-25,2025-04-02 18:45:00,Aston Villa,Brighton & Hove Albion,False,383,32,428.1168112112741,29,True
4506369,2024-25,2025-04-02 18:45:00,Manchester City,Leicester City,True,784,32,622.1968794111402,29,True
4506369,2024-25,2025-04-02 18:45:00,Leicester City,Manchester City,False,300,32,382.7455545033303,29,True
4506370,2024-25,2025-04-02 18:45:00,Newcastle United,Brentford,True,402,32,456.55123724819265,28,True
4506370,2024-25,2025-04-02 18:45:00,Brentford,Newcastle United,False,427,32,410.6797434299526,29,True
4506371,2024-25,2025-04-02 18:45:00,Southampton,Crystal Palace,True,382,32,506.746814834699,29,True
4506371,2024-25,2025-04-02 18:45:00,Crystal Palace,Southampton,False,526,32,403.3150140897706,28,True
4506372,2024-25,2025-04-02 19:00:00,Liverpool,Everton,True,609,32,582.9169793792792,29,True
4506372,2024-25,2025-04-02 19:00:00,Everton,Liverpool,False,206,32,334.05431392172727,29,True
4506368,2024-25,2025-04-03 19:00:00,Chelsea,Tottenham Hotspur,True,437,32,478.35738765862834,29,True
4506368,2024-25,2025-04-03 19:00:00,Tottenham Hotspur,Chelsea,False,438,32,418.9360328128375,29,True
4506376,2024-25,2025-04-05 11:30:00,Everton,Arsenal,True,189,33,326.7507729563674,30,True
4506376,2024-25,2025-04-05 11:30:00,Arsenal,Everton,False,459,33,531.6791933488238,30,True
4506375,2024-25,2025-04-05 14:00:00,Crystal Palace,Brighton & Hove Albion,True,325,33,395.8915054175614,29,True
4506375,2024-25,2025-04-05 14:00:00,Brighton & Hove Albion,Crystal Palace,False,542,33,476.79633872165897,30,True
4506378,2024-25,2025-04-05 14:00:00,Ipswich Town,Wolverhampton Wanderers,True,323,33,403.4985872437285,30,True
4506378,2024-25,2025-04-05 14:00:00,Wolverhampton Wanderers,Ipswich Town,False,407,33,485.7435250791204,30,True
4506382,2024-25,2025-04-05 14:00:00,West Ham United,AFC Bournemouth,True,470,33,437.51176041159295,30,True
4506382,2024-25,2025-04-05 14:00:00,AFC Bournemouth,West Ham United,False,361,33,417.3266598421087,30,True
4506373,2024-25,2025-04-05 16:30:00,Aston Villa,Nottingham Forest,True,429,33,496.7784648036286,30,True
4506373,2024-25,2025-04-05 16:30:00,Nottingham Forest,Aston Villa,False,389,33,322.9843362639383,30,True
4506374,2024-25,2025-04-06 13:00:00,Brentford,Chelsea,True,330,33,381.8712102616871,30,True
4506374,2024-25,2025-04-06 13:00:00,Chelsea,Brentford,False,488,33,501.7994027590154,30,True
4506377,2024-25,2025-04-06 13:00:00,Fulham,Liverpool,True,337,33,437.2628956591191,30,True
4506377,2024-25,2025-04-06 13:00:00,Liverpool,Fulham,False,556,33,490.410447200156,30,True
4506381,2024-25,2025-04-06 13:00:00,Tottenham Hotspur,Southampton,True,477,33,529.87651204024,30,True
4506381,2024-25,2025-04-06 13:00:00,Southampton,Tottenham Hotspur,False,470,33,395.112846039914,30,True
4506380,2024-25,2025-04-06 15:30:00,Manchester United,Manchester City,True,381,33,427.2670050990326,30,True
4506380,2024-25,2025-04-06 15:30:00,Manchester City,Manchester United,False,564,33,545.1371334669332,30,True
4506379,2024-25,2025-04-07 19:00:00,Leicester City,Newcastle United,True,547,33,440.31430204279275,30,True
4506379,2024-25,2025-04-07 19:00:00,Newcastle United,Leicester City,False,413,33,490.16585692932847,29,True
4506388,2024-25,2025-04-12 11:30:00,Manchester City,Crystal Palace,True,741,34,615.8232545557212,31,True
4506388,2024-25,2025-04-12 11:30:00,Crystal Palace,Manchester City,False,341,34,338.9996089218328,30,True
4506385,2024-25,2025-04-12 14:00:00,Brighton & Hove Albion,Leicester City,True,530,34,514.1521698995318,31,True
4506385,2024-25,2025-04-12 14:00:00,Leicester City,Brighton & Hove Albion,False,358,34,422.84759574389597,31,True
4506390,2024-25,2025-04-12 14:00:00,Nottingham Forest,Everton,True,333,34,407.97964045687087,31,True
4506390,2024-25,2025-04-12 14:00:00,Everton,Nottingham Forest,False,444,34,392.02423929243514,31,True
4506391,2024-25,2025-04-12 14:00:00,Southampton,Aston Villa,True,354,34,435.7703745994763,31,True
4506391,2024-25,2025-04-12 14:00:00,Aston Villa,Southampton,False,537,34,459.0238369715543,31,True
4506384,2024-25,2025-04-12 16:30:00,Arsenal,Brentford,True,480,34,476.63147551654544,31,True
4506384,2024-25,2025-04-12 16:30:00,Brentford,Arsenal,False,280,34,353.99261149066757,31,True
4506386,2024-25,2025-04-13 13:00:00,Chelsea,Ipswich Town,True,581,34,593.3659820402795,31,True
4506386,2024-25,2025-04-13 13:00:00,Ipswich Town,Chelsea,False,214,34,327.5022073899297,31,True
4506387,2024-25,2025-04-13 13:00:00,Liverpool,West Ham United,True,498,34,535.6315411607493,31,True
4506387,2024-25,2025-04-13 13:00:00,West Ham United,Liverpool,False,407,34,390.13916279882613,31,True
4506392,2024-25,2025-04-13 13:00:00,Wolverhampton Wanderers,Tottenham Hotspur,True,346,34,398.5742844317146,31,True
4506392,2024-25,2025-04-13 13:00:00,Tottenham Hotspur,Wolverhampton Wanderers,False,566,34,488.22763995887965,31,True
4506389,2024-25,2025-04-13 15:30:00,Newcastle United,Manchester United,True,420,34,450.86598277834963,30,True
4506389,2024-25,2025-04-13 15:30:00,Manchester United,Newcastle United,False,472,34,467.5211848163585,31,True
4506383,2024-25,2025-04-14 19:00:00,AFC Bournemouth,Fulham,True,329,34,413.0684565622982,31,True
4506383,2024-25,2025-04-14 19:00:00,Fulham,AFC Bournemouth,False,473,34,451.71234253740323,31,True
4506361,2024-25,2025-04-16 18:30:00,Newcastle United,Crystal Palace,True,536,35,493.9233331830506,31,True
4506361,2024-25,2025-04-16 18:30:00,Crystal Palace,Newcastle United,False,361,35,388.97300665034925,31,True
4506544,2024-25,2025-04-19 14:00:00,Brentford,Brighton & Hove Albion,True,421,36,412.3850475690678,32,True
4506544,2024-25,2025-04-19 14:00:00,Brighton & Hove Albion,Brentford,False,479,36,442.4191016835055,32,True
4506545,2024-25,2025-04-19 14:00:00,Crystal Palace,AFC Bournemouth,True,210,36,389.2352878480918,32,True
4506545,2024-25,2025-04-19 14:00:00,AFC Bournemouth,Crystal Palace,False,570,36,433.9361704687326,32,True
4506546,2024-25,2025-04-19 14:00:00,Everton,Manchester City,True,318,36,327.6835686945486,32,True
4506546,2024-25,2025-04-19 14:00:00,Manchester City,Everton,False,674,36,618.8588305059966,32,True
4506552,2024-25,2025-04-19 14:00:00,West Ham United,Southampton,True,496,36,489.1427188006467,32,True
4506552,2024-25,2025-04-19 14:00:00,Southampton,West Ham United,False,455,36,457.9889632687104,32,True
4506543,2024-25,2025-04-19 16:30:00,Aston Villa,Newcastle United,True,409,36,451.0029331903051,32,True
4506543,2024-25,2025-04-19 16:30:00,Newcastle United,Aston Villa,False,430,36,409.4378878148445,32,True
4506547,2024-25,2025-04-20 13:00:00,Fulham,Chelsea,True,345,36,419.35078431454707,32,True
4506547,2024-25,2025-04-20 13:00:00,Chelsea,Fulham,False,528,36,503.299074630511,32,True
4506548,2024-25,2025-04-20 13:00:00,Ipswich Town,Arsenal,True,250,36,321.7172635176042,32,True
4506548,2024-25,2025-04-20 13:00:00,Arsenal,Ipswich Town,False,752,36,525.5790090986519,32,True
4506550,2024-25,2025-04-20 13:00:00,Manchester United,Wolverhampton Wanderers,True,557,36,499.566869626428,32,True
4506550,2024-25,2025-04-20 13:00:00,Wolverhampton Wanderers,Manchester United,False,387,36,420.6954143592631,32,True
4506549,2024-25,2025-04-20 15:30:00,Leicester City,Liverpool,True,367,36,397.3116570442842,32,True
4506549,2024-25,2025-04-20 15:30:00,Liverpool,Leicester City,False,503,36,549.438989816657,32,True
4506551,2024-25,2025-04-21 19:00:00,Tottenham Hotspur,Nottingham Forest,True,526,36,547.0833980985327,32,True
4506551,2024-25,2025-04-21 19:00:00,Nottingham Forest,Tottenham Hotspur,False,243,36,314.043606181571,32,True
4506558,2024-25,2025-04-22 19:00:00,Manchester City,Aston Villa,True,488,36,538.4269232973509,32,True
4506558,2024-25,2025-04-22 19:00:00,Aston Villa,Manchester City,False,307,36,381.62927650675664,32,True
4506554,2024-25,2025-04-23 19:00:00,Arsenal,Crystal Palace,True,711,36,532.0131133359814,32,True
4506554,2024-25,2025-04-23 19:00:00,Crystal Palace,Arsenal,False,328,36,326.9349562743349,32,True
4506556,2024-25,2025-04-26 11:30:00,Chelsea,Everton,True,506,37,587.3286986681235,33,True
4506556,2024-25,2025-04-26 11:30:00,Everton,Chelsea,False,412,37,310.48778427541987,33,True
4506555,2024-25,2025-04-26 14:00:00,Brighton & Hove Albion,West Ham United,True,514,37,481.3346326406908,33,True
4506555,2024-25,2025-04-26 14:00:00,West Ham United,Brighton & Hove Albion,False,469,37,428.5746061284937,33,True
4506559,2024-25,2025-04-26 14:00:00,Newcastle United,Ipswich Town,True,618,37,519.222397317514,33,True
4506559,2024-25,2025-04-26 14:00:00,Ipswich Town,Newcastle United,False,185,37,364.1547315205466,33,True
4506561,2024-25,2025-04-26 14:00:00,Southampton,Fulham,True,319,37,453.78938543455513,33,True
4506561,2024-25,2025-04-26 14:00:00,Fulham,Southampton,False,544,37,498.09722646422955,33,True
4506562,2024-25,2025-04-26 14:00:00,Wolverhampton Wanderers,Leicester City,True,607,37,481.1460317554732,33,True
4506562,2024-25,2025-04-26 14:00:00,Leicester City,Wolverhampton Wanderers,False,471,37,447.86686657260896,33,True
4506553,2024-25,2025-04-27 13:00:00,AFC Bournemouth,Manchester United,True,285,37,411.0022903989502,33,True
4506553,2024-25,2025-04-27 13:00:00,Manchester United,AFC Bournemouth,False,470,37,447.0003309300894,33,True
4506557,2024-25,2025-04-27 15:30:00,Liverpool,Tottenham Hotspur,True,515,37,456.06739908182993,33,True
4506557,2024-25,2025-04-27 15:30:00,Tottenham Hotspur,Liverpool,False,320,37,424.80453673954986,33,True
4506560,2024-25,2025-05-01 18:30:00,Nottingham Forest,Brentford,True,381,38,354.31079866162713,33,True
4506560,2024-25,2025-05-01 18:30:00,Brentford,Nottingham Forest,False,323,38,453.29613995338167,33,True
4506570,2024-25,2025-05-02 19:00:00,Manchester City,Wolverhampton Wanderers,True,684,38,595.839954874149,34,True
4506570,2024-25,2025-05-02 19:00:00,Wolverhampton Wanderers,Manchester City,False,380,38,372.79857946627817,34,True
4506564,2024-25,2025-05-03 11:30:00,Aston Villa,Fulham,True,445,38,435.8248436445695,34,True
4506564,2024-25,2025-05-03 11:30:00,Fulham,Aston Villa,False,396,38,434.9028932896811,34,True
4506568,2024-25,2025-05-03 14:00:00,Everton,Ipswich Town,True,481,38,437.92373777637476,34,True
4506568,2024-25,2025-05-03 14:00:00,Ipswich Town,Everton,False,362,38,395.5096189540993,34,True
4506569,2024-25,2025-05-03 14:00:00,Leicester City,Southampton,True,446,38,481.3382829062805,34,True
4506569,2024-25,2025-05-03 14:00:00,Southampton,Leicester City,False,455,38,484.53413423512677,34,True
4506563,2024-25,2025-05-03 16:30:00,Arsenal,AFC Bournemouth,True,427,38,478.6051365834396,34,True
4506563,2024-25,2025-05-03 16:30:00,AFC Bournemouth,Arsenal,False,417,38,333.548590494289,34,True
4506565,2024-25,2025-05-04 13:00:00,Brentford,Manchester United,True,410,38,417.1254571290583,33,True
4506565,2024-25,2025-05-04 13:00:00,Manchester United,Brentford,False,477,38,464.58679844666057,34,True
4506571,2024-25,2025-05-04 13:00:00,West Ham United,Tottenham Hotspur,True,445,38,414.3722648731067,34,True
4506571,2024-25,2025-05-04 13:00:00,Tottenham Hotspur,West Ham United,False,360,38,490.9320217698582,34,True
4506572,2024-25,2025-05-04 13:00:00,Brighton & Hove Albion,Newcastle United,True,379,38,456.93426845878827,34,True
4506572,2024-25,2025-05-04 13:00:00,Newcastle United,Brighton & Hove Albion,False,442,38,431.5855375341914,34,True
4506566,2024-25,2025-05-04 15:30:00,Chelsea,Liverpool,True,356,38,455.60398857430715,34,True
4506566,2024-25,2025-05-04 15:30:00,Liverpool,Chelsea,False,645,38,432.38964353289714,34,True
4506567,2024-25,2025-05-05 19:00:00,Crystal Palace,Nottingham Forest,True,383,38,431.8426376724682,34,True
4506567,2024-25,2025-05-05 19:00:00,Nottingham Forest,Crystal Palace,False,410,38,390.02423354363884,33,True
4506574,2024-25,2025-05-10 14:00:00,Fulham,Everton,True,552,39,529.6206634730898,35,True
4506574,2024-25,2025-05-10 14:00:00,Everton,Fulham,False,314,39,362.4917852992546,35,True
4506575,2024-25,2025-05-10 14:00:00,Ipswich Town,Brentford,True,367,39,365.162582982781,35,True
4506575,2024-25,2025-05-10 14:00:00,Brentford,Ipswich Town,False,376,39,471.4258534823159,35,True
4506580,2024-25,2025-05-10 14:00:00,Southampton,Manchester City,True,258,39,391.6836628749339,35,True
4506580,2024-25,2025-05-10 14:00:00,Manchester City,Southampton,False,641,39,595.3342625168087,35,True
4506582,2024-25,2025-05-10 14:00:00,Wolverhampton Wanderers,Brighton & Hove Albion,True,528,39,433.79779038484855,35,True
4506582,2024-25,2025-05-10 14:00:00,Brighton & Hove Albion,Wolverhampton Wanderers,False,420,39,470.9944655636107,35,True
4506573,2024-25,2025-05-10 16:30:00,AFC Bournemouth,Aston Villa,True,489,39,385.8295551411718,35,True
4506573,2024-25,2025-05-10 16:30:00,Aston Villa,AFC Bournemouth,False,254,39,409.3765914972281,35,True
4506578,2024-25,2025-05-11 11:00:00,Newcastle United,Chelsea,True,410,39,412.1725744832823,35,True
4506578,2024-25,2025-05-11 11:00:00,Chelsea,Newcastle United,False,501,39,482.91795494660585,35,True
4506577,2024-25,2025-05-11 13:15:00,Manchester United,West Ham United,True,504,39,497.498808420796,35,True
4506577,2024-25,2025-05-11 13:15:00,West Ham United,Manchester United,False,473,39,434.12394376880707,35,True
4506579,2024-25,2025-05-11 13:15:00,Nottingham Forest,Leicester City,True,433,39,401.25827398375947,35,True
4506579,2024-25,2025-05-11 13:15:00,Leicester City,Nottingham Forest,False,347,39,464.2045172704234,35,True
4506581,2024-25,2025-05-11 13:15:00,Tottenham Hotspur,Crystal Palace,True,370,39,545.4423930812411,35,True
4506581,2024-25,2025-05-11 13:15:00,Crystal Palace,Tottenham Hotspur,False,407,39,342.8531515858654,35,True
4506576,2024-25,2025-05-11 15:30:00,Liverpool,Arsenal,True,355,39,446.0728865522448,35,True
4506576,2024-25,2025-05-11 15:30:00,Arsenal,Liverpool,False,447,39,417.29911099322123,35,True
4506584,2024-25,2025-05-16 18:30:00,Aston Villa,Tottenham Hotspur,True,581,40,400.13969907495095,36,True
4506584,2024-25,2025-05-16 18:30:00,Tottenham Hotspur,Aston Villa,False,271,40,433.6364326225192,36,True
4506587,2024-25,2025-05-16 19:15:00,Chelsea,Manchester United,True,403,40,505.23512207533054,36,True
4506587,2024-25,2025-05-16 19:15:00,Manchester United,Chelsea,False,471,40,423.8985554143427,36,True
4506589,2024-25,2025-05-18 11:00:00,Everton,Southampton,True,505,41,410.55014038054946,36,True
4506589,2024-25,2025-05-18 11:00:00,Southampton,Everton,False,509,41,473.73168380077834,36,True
4506592,2024-25,2025-05-18 13:15:00,West Ham United,Nottingham Forest,True,499,41,493.5324137136911,36,True
4506592,2024-25,2025-05-18 13:15:00,Nottingham Forest,West Ham United,False,326,41,361.3643447370085,36,True
4506585,2024-25,2025-05-18 14:00:00,Brentford,Fulham,True,374,41,408.49466530813316,36,True
4506585,2024-25,2025-05-18 14:00:00,Fulham,Brentford,False,371,41,460.80827461791034,36,True
4506590,2024-25,2025-05-18 14:00:00,Leicester City,Ipswich Town,True,459,41,504.7095719468435,36,True
4506590,2024-25,2025-05-18 14:00:00,Ipswich Town,Leicester City,False,429,41,396.08021123752695,36,True
4506583,2024-25,2025-05-18 15:30:00,Arsenal,Newcastle United,True,408,41,486.8914489463749,36,True
4506583,2024-25,2025-05-18 15:30:00,Newcastle United,Arsenal,False,371,41,375.13939385396185,36,True
4506586,2024-25,2025-05-19 19:00:00,Brighton & Hove Albion,Liverpool,True,445,41,403.8181797371483,36,True
4506586,2024-25,2025-05-19 19:00:00,Liverpool,Brighton & Hove Albion,False,472,41,493.0105886624214,36,True
4506588,2024-25,2025-05-20 19:00:00,Crystal Palace,Wolverhampton Wanderers,True,282,41,414.8936692724821,36,True
4506588,2024-25,2025-05-20 19:00:00,Wolverhampton Wanderers,Crystal Palace,False,617,41,481.498869245093,36,True
4506591,2024-25,2025-05-20 19:00:00,Manchester City,AFC Bournemouth,True,609,41,538.631889868341,36,True
4506591,2024-25,2025-05-20 19:00:00,AFC Bournemouth,Manchester City,False,441,41,348.5648140635247,36,True
4506593,2024-25,2025-05-25 15:00:00,AFC Bournemouth,Leicester City,True,497,42,473.45731154888983,37,True
4506593,2024-25,2025-05-25 15:00:00,Leicester City,AFC Bournemouth,False,301,42,399.45891079651136,37,True
4506594,2024-25,2025-05-25 15:00:00,Fulham,Manchester City,True,443,42,413.5094409450536,37,True
4506594,2024-25,2025-05-25 15:00:00,Manchester City,Fulham,False,495,42,542.7046540073362,37,True
4506595,2024-25,2025-05-25 15:00:00,Ipswich Town,West Ham United,True,415,42,379.2296815395704,37,True
4506595,2024-25,2025-05-25 15:00:00,West Ham United,Ipswich Town,False,623,42,509.1368657354276,37,True
4506596,2024-25,2025-05-25 15:00:00,Liverpool,Crystal Palace,True,633,42,579.2447952583451,37,True
4506596,2024-25,2025-05-25 15:00:00,Crystal Palace,Liverpool,False,297,42,330.7568050168033,37,True
4506597,2024-25,2025-05-25 15:00:00,Manchester United,Aston Villa,True,606,42,453.3163357104678,37,True
4506597,2024-25,2025-05-25 15:00:00,Aston Villa,Manchester United,False,300,42,418.31158522044484,37,True
4506598,2024-25,2025-05-25 15:00:00,Newcastle United,Everton,True,525,42,509.96763953980155,37,True
4506598,2024-25,2025-05-25 15:00:00,Everton,Newcastle United,False,288,42,360.32344340837176,37,True
4506599,2024-25,2025-05-25 15:00:00,Nottingham Forest,Chelsea,True,420,42,329.5369388545159,37,True
4506599,2024-25,2025-05-25 15:00:00,Chelsea,Nottingham Forest,False,409,42,526.2519562242611,37,True
4506600,2024-25,2025-05-25 15:00:00,Southampton,Arsenal,True,339,42,376.31833928139713,37,True
4506600,2024-25,2025-05-25 15:00:00,Arsenal,Southampton,False,533,42,520.2215677628266,37,True
4506601,2024-25,2025-05-25 15:00:00,Tottenham Hotspur,Brighton & Hove Albion,True,271,42,460.66623414773943,37,True
4506601,2024-25,2025-05-25 15:00:00,Brighton & Hove Albion,Tottenham Hotspur,False,545,42,417.9206758745114,37,True
4506602,2024-25,2025-05-25 15:00:00,Wolverhampton Wanderers,Brentford,True,414,42,448.2260367026264,37,True
4506602,2024-25,2025-05-25 15:00:00,Brentford,Wolverhampton Wanderers,False,454,42,415.11676595348405,37,True
4813374,2025-26,2025-08-15 19:00:00,Liverpool,AFC Bournemouth,True,489,43,484.4447326415477,0,True
4813374,2025-26,2025-08-15 19:00:00,AFC Bournemouth,Liverpool,False,299,43,360.5118547801007,0,True
4813375,2025-26,2025-08-16 11:30:00,Aston Villa,Newcastle United,True,310,43,423.3868319538461,0,True
4813375,2025-26,2025-08-16 11:30:00,Newcastle United,Aston Villa,False,451,43,418.6805084647263,0,True
4813376,2025-26,2025-08-16 14:00:00,Brighton & Hove Albion,Fulham,True,427,43,455.7667778119833,0,True
4813376,2025-26,2025-08-16 14:00:00,Fulham,Brighton & Hove Albion,False,423,43,443.5979184363408,0,True
4813378,2025-26,2025-08-16 14:00:00,Sunderland,West Ham United,True,323,43,426.22926121016815,0,True
4813378,2025-26,2025-08-16 14:00:00,West Ham United,Sunderland,False,550,43,504.507463567091,0,True
4813379,2025-26,2025-08-16 14:00:00,Tottenham Hotspur,Burnley,True,511,43,513.3653045952462,0,True
4813379,2025-26,2025-08-16 14:00:00,Burnley,Tottenham Hotspur,False,246,43,379.3774260763233,0,True
4813380,2025-26,2025-08-16 16:30:00,Wolverhampton Wanderers,Manchester City,True,394,43,397.0384160748862,0,True
4813380,2025-26,2025-08-16 16:30:00,Manchester City,Wolverhampton Wanderers,False,563,43,574.4956238625826,0,True
4813377,2025-26,2025-08-17 13:00:00,Nottingham Forest,Brentford,True,417,43,361.8148723396209,0,True
4813377,2025-26,2025-08-17 13:00:00,Brentford,Nottingham Forest,False,346,43,426.2875645668719,0,True
4813381,2025-26,2025-08-17 13:00:00,Chelsea,Crystal Palace,True,568,43,568.7250109565887,0,True
4813381,2025-26,2025-08-17 13:00:00,Crystal Palace,Chelsea,False,226,43,343.69019210291225,0,True
4813382,2025-26,2025-08-17 15:30:00,Manchester United,Arsenal,True,475,43,417.90760607693596,0,True
4813382,2025-26,2025-08-17 15:30:00,Arsenal,Manchester United,False,294,43,458.6814339276906,0,True
4813383,2025-26,2025-08-18 19:00:00,Leeds United,Everton,True,481,43,461.68218015551724,0,True
4813383,2025-26,2025-08-18 19:00:00,Everton,Leeds United,False,411,43,413.38560104481013,0,True
4813394,2025-26,2025-08-22 19:00:00,West Ham United,Chelsea,True,392,44,407.3381679295478,1,True
4813394,2025-26,2025-08-22 19:00:00,Chelsea,West Ham United,False,577,44,472.3759827694247,1,True
4813392,2025-26,2025-08-23 11:30:00,Manchester City,Tottenham Hotspur,True,525,44,499.6429782225351,1,True
4813392,2025-26,2025-08-23 11:30:00,Tottenham Hotspur,Manchester City,False,331,44,385.8966983992298,1,True
4813385,2025-26,2025-08-23 14:00:00,AFC Bournemouth,Wolverhampton Wanderers,True,447,44,428.2091545511979,1,True
4813385,2025-26,2025-08-23 14:00:00,Wolverhampton Wanderers,AFC Bournemouth,False,307,44,408.383942224845,1,True
4813387,2025-26,2025-08-23 14:00:00,Brentford,Aston Villa,True,178,44,387.15391505825954,1,True
4813387,2025-26,2025-08-23 14:00:00,Aston Villa,Brentford,False,587,44,405.5030574981317,1,True
4813388,2025-26,2025-08-23 14:00:00,Burnley,Sunderland,True,442,44,458.0052795841466,1,True
4813388,2025-26,2025-08-23 14:00:00,Sunderland,Burnley,False,616,44,441.44146419406087,1,True
4813386,2025-26,2025-08-23 16:30:00,Arsenal,Leeds United,True,599,44,516.0795605355368,1,True
4813386,2025-26,2025-08-23 16:30:00,Leeds United,Arsenal,False,290,44,345.308707652347,1,True
4813389,2025-26,2025-08-24 13:00:00,Crystal Palace,Nottingham Forest,True,377,44,370.7766863573069,1,True
4813389,2025-26,2025-08-24 13:00:00,Nottingham Forest,Crystal Palace,False,514,44,409.1224223075523,1,True
4813390,2025-26,2025-08-24 13:00:00,Everton,Brighton & Hove Albion,True,362,44,367.66933322656314,1,True
4813390,2025-26,2025-08-24 13:00:00,Brighton & Hove Albion,Everton,False,490,44,500.414224093391,1,True
4813391,2025-26,2025-08-24 15:30:00,Fulham,Manchester United,True,419,44,421.52630139797236,1,True
4813391,2025-26,2025-08-24 15:30:00,Manchester United,Fulham,False,397,44,467.6864317156426,1,True
4813393,2025-26,2025-08-25 19:00:00,Newcastle United,Liverpool,True,247,44,396.7099929574912,1,True
4813393,2025-26,2025-08-25 19:00:00,Liverpool,Newcastle United,False,445,44,454.29132462492703,1,True
4813397,2025-26,2025-08-30 11:30:00,Chelsea,Fulham,True,494,45,482.7625717763957,2,True
4813397,2025-26,2025-08-30 11:30:00,Fulham,Chelsea,False,415,45,391.31284375820064,2,True
4813400,2025-26,2025-08-30 14:00:00,Manchester United,Burnley,True,508,45,564.5889235773533,2,True
4813400,2025-26,2025-08-30 14:00:00,Burnley,Manchester United,False,318,45,350.1829946174581,2,True
4813402,2025-26,2025-08-30 14:00:00,Sunderland,Brentford,True,419,45,441.8872383562071,2,True
4813402,2025-26,2025-08-30 14:00:00,Brentford,Sunderland,False,354,45,394.6846168085599,2,True
4813403,2025-26,2025-08-30 14:00:00,Tottenham Hotspur,AFC Bournemouth,True,477,45,405.00018311030925,2,True
4813403,2025-26,2025-08-30 14:00:00,AFC Bournemouth,Tottenham Hotspur,False,296,45,365.3901358771824,2,True
4813404,2025-26,2025-08-30 14:00:00,Wolverhampton Wanderers,Everton,True,524,45,486.4695496800932,2,True
4813404,2025-26,2025-08-30 14:00:00,Everton,Wolverhampton Wanderers,False,371,45,381.9879055476019,2,True
4813398,2025-26,2025-08-30 16:30:00,Leeds United,Newcastle United,True,414,45,372.74290450141905,2,True
4813398,2025-26,2025-08-30 16:30:00,Newcastle United,Leeds United,False,547,45,485.4753506257681,2,True
4813396,2025-26,2025-08-31 13:00:00,Brighton & Hove Albion,Manchester City,True,315,45,400.1400634770141,2,True
4813396,2025-26,2025-08-31 13:00:00,Manchester City,Brighton & Hove Albion,False,565,45,529.8274053438607,2,True
4813401,2025-26,2025-08-31 13:00:00,Nottingham Forest,West Ham United,True,541,45,392.3224306043692,2,True
4813401,2025-26,2025-08-31 13:00:00,West Ham United,Nottingham Forest,False,385,45,475.13924891438523,2,True
4813399,2025-26,2025-08-31 15:30:00,Liverpool,Arsenal,True,435,45,440.21420061296936,2,True
4813399,2025-26,2025-08-31 15:30:00,Arsenal,Liverpool,False,371,45,366.90272645670024,2,True
4813395,2025-26,2025-08-31 18:00:00,Aston Villa,Crystal Palace,True,531,45,521.0536999372437,2,True
4813395,2025-26,2025-08-31 18:00:00,Crystal Palace,Aston Villa,False,386,45,313.92653570075487,2,True
4813406,2025-26,2025-09-13 11:30:00,Arsenal,Nottingham Forest,True,478,46,485.6025535162065,3,True
4813406,2025-26,2025-09-13 11:30:00,Nottingham Forest,Arsenal,False,409,46,329.92895450874295,3,True
4813405,2025-26,2025-09-13 14:00:00,AFC Bournemouth,Brighton & Hove Albion,True,393,46,398.5410629462341,3,True
4813405,2025-26,2025-09-13 14:00:00,Brighton & Hove Albion,AFC Bournemouth,False,374,46,402.2321552315023,3,True
4813409,2025-26,2025-09-13 14:00:00,Crystal Palace,Sunderland,True,491,46,424.09235566836884,3,True
4813409,2025-26,2025-09-13 14:00:00,Sunderland,Crystal Palace,False,386,46,463.8076799226802,3,True
4813410,2025-26,2025-09-13 14:00:00,Everton,Aston Villa,True,343,46,346.59019891105646,3,True
4813410,2025-26,2025-09-13 14:00:00,Aston Villa,Everton,False,384,46,491.3742908577329,3,True
4813411,2025-26,2025-09-13 14:00:00,Fulham,Leeds United,True,451,46,539.1179656932336,3,True
4813411,2025-26,2025-09-13 14:00:00,Leeds United,Fulham,False,388,46,379.75026915309843,3,True
4813413,2025-26,2025-09-13 14:00:00,Newcastle United,Wolverhampton Wanderers,True,449,46,472.2827545119197,3,True
4813413,2025-26,2025-09-13 14:00:00,Wolverhampton Wanderers,Newcastle United,False,343,46,391.73350778390267,3,True
4813414,2025-26,2025-09-13 16:30:00,West Ham United,Tottenham Hotspur,True,310,46,403.3390861417553,3,True
4813414,2025-26,2025-09-13 16:30:00,Tottenham Hotspur,West Ham United,False,534,46,469.21547200718305,3,True
4813407,2025-26,2025-09-13 19:00:00,Brentford,Chelsea,True,284,46,315.36959320081024,3,True
4813407,2025-26,2025-09-13 19:00:00,Chelsea,Brentford,False,570,46,514.99475028052,3,True
4813408,2025-26,2025-09-14 13:00:00,Burnley,Liverpool,True,168,46,324.4313001010925,3,True
4813408,2025-26,2025-09-14 13:00:00,Liverpool,Burnley,False,697,46,563.5084914252731,3,True
4813412,2025-26,2025-09-14 15:30:00,Manchester City,Manchester United,True,430,46,510.48476772894804,3,True
4813412,2025-26,2025-09-14 15:30:00,Manchester United,Manchester City,False,501,46,389.9855833721762,3,True
4813420,2025-26,2025-09-20 11:30:00,Liverpool,Everton,True,475,47,588.4639113917086,4,True
4813420,2025-26,2025-09-20 11:30:00,Everton,Liverpool,False,345,47,273.525412439011,4,True
4813417,2025-26,2025-09-20 14:00:00,Brighton & Hove Albion,Tottenham Hotspur,True,307,47,381.49826158135255,4,True
4813417,2025-26,2025-09-20 14:00:00,Tottenham Hotspur,Brighton & Hove Albion,False,523,47,436.7817935698116,4,True
4813418,2025-26,2025-09-20 14:00:00,Burnley,Nottingham Forest,True,351,47,400.70382298311034,4,True
4813418,2025-26,2025-09-20 14:00:00,Nottingham Forest,Burnley,False,631,47,455.4456603756189,4,True
4813423,2025-26,2025-09-20 14:00:00,West Ham United,Crystal Palace,True,450,47,506.92506308904564,4,True
4813423,2025-26,2025-09-20 14:00:00,Crystal Palace,West Ham United,False,345,47,401.4788954529074,4,True
4813424,2025-26,2025-09-20 14:00:00,Wolverhampton Wanderers,Leeds United,True,507,47,490.4777414480963,4,True
4813424,2025-26,2025-09-20 14:00:00,Leeds United,Wolverhampton Wanderers,False,416,47,414.4422518226616,4,True
4813421,2025-26,2025-09-20 16:30:00,Manchester United,Chelsea,True,371,47,430.3807386944429,4,True
4813421,2025-26,2025-09-20 16:30:00,Chelsea,Manchester United,False,550,47,434.6410718336671,4,True
4813419,2025-26,2025-09-20 19:00:00,Fulham,Brentford,True,456,47,489.1803204837843,4,True
4813419,2025-26,2025-09-20 19:00:00,Brentford,Fulham,False,398,47,328.06530803649946,4,True
4813415,2025-26,2025-09-21 13:00:00,AFC Bournemouth,Newcastle United,True,498,47,374.3289661758937,4,True
4813415,2025-26,2025-09-21 13:00:00,Newcastle United,AFC Bournemouth,False,390,47,402.5475722757637,4,True
4813422,2025-26,2025-09-21 13:00:00,Sunderland,Aston Villa,True,218,47,375.5102010127416,4,True
4813422,2025-26,2025-09-21 13:00:00,Aston Villa,Sunderland,False,547,47,480.6812091479636,4,True
4813416,2025-26,2025-09-21 15:30:00,Arsenal,Manchester City,True,582,47,418.5295753223137,4,True
4813416,2025-26,2025-09-21 15:30:00,Manchester City,Arsenal,False,300,47,475.644993827271,4,True
4813426,2025-26,2025-09-27 11:30:00,Brentford,Manchester United,True,359,48,333.347717425247,5,True
4813426,2025-26,2025-09-27 11:30:00,Manchester United,Brentford,False,458,48,491.53707775850353,5,True
4813427,2025-26,2025-09-27 14:00:00,Chelsea,Brighton & Hove Albion,True,470,48,525.8247807665468,5,True
4813427,2025-26,2025-09-27 14:00:00,Brighton & Hove Albion,Chelsea,False,316,48,360.3963355667009,5,True
4813428,2025-26,2025-09-27 14:00:00,Crystal Palace,Liverpool,True,270,48,293.4613694882056,5,True
4813428,2025-26,2025-09-27 14:00:00,Liverpool,Crystal Palace,False,688,48,559.4592475244955,5,True
4813430,2025-26,2025-09-27 14:00:00,Leeds United,AFC Bournemouth,True,357,48,378.99452421370626,5,True
4813430,2025-26,2025-09-27 14:00:00,AFC Bournemouth,Leeds United,False,509,48,466.03694423210214,5,True
4813431,2025-26,2025-09-27 14:00:00,Manchester City,Burnley,True,638,48,632.7295633402546,5,True
4813431,2025-26,2025-09-27 14:00:00,Burnley,Manchester City,False,295,48,346.18194537325695,5,True
4813433,2025-26,2025-09-27 16:30:00,Nottingham Forest,Sunderland,True,578,48,489.80053988622564,5,True
4813433,2025-26,2025-09-27 16:30:00,Sunderland,Nottingham Forest,False,318,48,389.91792722685403,5,True
4813434,2025-26,2025-09-27 19:00:00,Tottenham Hotspur,Wolverhampton Wanderers,True,398,48,486.74672621507835,5,True
4813434,2025-26,2025-09-27 19:00:00,Wolverhampton Wanderers,Tottenham Hotspur,False,394,48,356.03791901772763,5,True
4813425,2025-26,2025-09-28 13:00:00,Aston Villa,Fulham,True,403,48,431.8339100422483,5,True
4813425,2025-26,2025-09-28 13:00:00,Fulham,Aston Villa,False,414,48,382.68660169434617,5,True
4813432,2025-26,2025-09-28 15:30:00,Newcastle United,Arsenal,True,279,48,373.4701499061688,5,True
4813432,2025-26,2025-09-28 15:30:00,Arsenal,Newcastle United,False,495,48,454.88331607164537,5,True
4813429,2025-26,2025-09-29 19:00:00,Everton,West Ham United,True,447,48,405.9903598063786,5,True
4813429,2025-26,2025-09-29 19:00:00,West Ham United,Everton,False,416,48,464.70040261066254,5,True
4813435,2025-26,2025-10-03 19:00:00,AFC Bournemouth,Fulham,True,536,49,415.5746018046498,6,True
4813435,2025-26,2025-10-03 19:00:00,Fulham,AFC Bournemouth,False,473,49,408.94117809895164,6,True
4813441,2025-26,2025-10-04 11:30:00,Leeds United,Tottenham Hotspur,True,478,49,353.03440844450216,6,True
4813441,2025-26,2025-10-04 11:30:00,Tottenham Hotspur,Leeds United,False,374,49,507.4986603905175,6,True
4813436,2025-26,2025-10-04 14:00:00,Arsenal,West Ham United,True,566,49,536.1689118568963,6,True
4813436,2025-26,2025-10-04 14:00:00,West Ham United,Arsenal,False,268,49,340.0781089408684,6,True
4813442,2025-26,2025-10-04 14:00:00,Manchester United,Sunderland,True,448,49,557.2818169948473,6,True
4813442,2025-26,2025-10-04 14:00:00,Sunderland,Manchester United,False,428,49,353.35866485576867,6,True
4813439,2025-26,2025-10-04 16:30:00,Chelsea,Liverpool,True,508,49,397.2727886669972,6,True
4813439,2025-26,2025-10-04 16:30:00,Liverpool,Chelsea,False,450,49,436.33048183236,6,True
4813437,2025-26,2025-10-05 13:00:00,Aston Villa,Burnley,True,496,49,512.4307577042854,6,True
4813437,2025-26,2025-10-05 13:00:00,Burnley,Aston Villa,False,409,49,332.0047372924097,6,True
4813440,2025-26,2025-10-05 13:00:00,Everton,Crystal Palace,True,433,49,447.00821963710956,6,True
4813440,2025-26,2025-10-05 13:00:00,Crystal Palace,Everton,False,432,49,394.29870807256043,6,True
4813443,2025-26,2025-10-05 13:00:00,Newcastle United,Nottingham Forest,True,464,49,432.7160403715207,6,True
4813443,2025-26,2025-10-05 13:00:00,Nottingham Forest,Newcastle United,False,452,49,399.5814468729443,6,True
4813444,2025-26,2025-10-05 13:00:00,Wolverhampton Wanderers,Brighton & Hove Albion,True,353,49,430.919303945648,6,True
4813444,2025-26,2025-10-05 13:00:00,Brighton & Hove Albion,Wolverhampton Wanderers,False,492,49,424.2454643799736,6,True
4813438,2025-26,2025-10-05 15:30:00,Brentford,Manchester City,True,311,49,334.3847387898424,6,True
4813438,2025-26,2025-10-05 15:30:00,Manchester City,Brentford,False,764,49,550.1906089172197,6,True
4813451,2025-26,2025-10-18 11:30:00,Nottingham Forest,Chelsea,True,445,50,374.2464533757256,7,True
4813451,2025-26,2025-10-18 11:30:00,Chelsea,Nottingham Forest,False,463,50,506.5581789463957,7,True
4813445,2025-26,2025-10-18 14:00:00,Brighton & Hove Albion,Newcastle United,True,421,50,415.6175267991035,7,True
4813445,2025-26,2025-10-18 14:00:00,Newcastle United,Brighton & Hove Albion,False,491,50,415.41676791597996,7,True
4813446,2025-26,2025-10-18 14:00:00,Burnley,Leeds United,True,292,50,440.43347877376254,7,True
4813446,2025-26,2025-10-18 14:00:00,Leeds United,Burnley,False,615,50,469.4825559798359,7,True
4813447,2025-26,2025-10-18 14:00:00,Crystal Palace,AFC Bournemouth,True,404,50,354.0319869325385,7,True
4813447,2025-26,2025-10-18 14:00:00,AFC Bournemouth,Crystal Palace,False,364,50,488.9350065008528,7,True
4813450,2025-26,2025-10-18 14:00:00,Manchester City,Everton,True,749,50,614.0975246208243,7,True
4813450,2025-26,2025-10-18 14:00:00,Everton,Manchester City,False,300,50,337.61429829080424,7,True
4813452,2025-26,2025-10-18 14:00:00,Sunderland,Wolverhampton Wanderers,True,341,50,413.58370143226944,7,True
4813452,2025-26,2025-10-18 14:00:00,Wolverhampton Wanderers,Sunderland,False,466,50,476.11425577040063,7,True
4813448,2025-26,2025-10-18 16:30:00,Fulham,Arsenal,True,313,50,364.6996904802422,7,True
4813448,2025-26,2025-10-18 16:30:00,Arsenal,Fulham,False,546,50,485.6770301227749,7,True
4813453,2025-26,2025-10-19 13:00:00,Tottenham Hotspur,Aston Villa,True,382,50,401.5452243275989,7,True
4813453,2025-26,2025-10-19 13:00:00,Aston Villa,Tottenham Hotspur,False,348,50,375.6314748180413,7,True
4813449,2025-26,2025-10-19 15:30:00,Liverpool,Manchester United,True,480,50,489.0825988172462,7,True
4813449,2025-26,2025-10-19 15:30:00,Manchester United,Liverpool,False,294,50,362.8687369768046,7,True
4813454,2025-26,2025-10-20 19:00:00,West Ham United,Brentford,True,344,50,458.84930441504974,7,True
4813454,2025-26,2025-10-20 19:00:00,Brentford,West Ham United,False,451,50,383.4363889923802,7,True
4813461,2025-26,2025-10-24 19:00:00,Leeds United,West Ham United,True,373,51,456.530916172858,8,True
4813461,2025-26,2025-10-24 19:00:00,West Ham United,Leeds United,False,536,51,448.754102612252,8,True
4813459,2025-26,2025-10-25 14:00:00,Chelsea,Sunderland,True,629,51,596.4004800795759,8,True
4813459,2025-26,2025-10-25 14:00:00,Sunderland,Chelsea,False,293,51,339.58079306660176,8,True
4813463,2025-26,2025-10-25 14:00:00,Newcastle United,Fulham,True,452,51,455.2397725478345,8,True
4813463,2025-26,2025-10-25 14:00:00,Fulham,Newcastle United,False,444,51,428.51183033235856,8,True
4813462,2025-26,2025-10-25 16:30:00,Manchester United,Brighton & Hove Albion,True,442,51,454.70423609625084,8,True
4813462,2025-26,2025-10-25 16:30:00,Brighton & Hove Albion,Manchester United,False,568,51,388.5855605502615,8,True
4813458,2025-26,2025-10-25 19:00:00,Brentford,Liverpool,True,288,51,292.8239229429796,8,True
4813458,2025-26,2025-10-25 19:00:00,Liverpool,Brentford,False,586,51,540.297125229182,8,True
4813455,2025-26,2025-10-26 14:00:00,AFC Bournemouth,Nottingham Forest,True,447,51,419.9690285599083,8,True
4813455,2025-26,2025-10-26 14:00:00,Nottingham Forest,AFC Bournemouth,False,409,51,405.0597093960859,8,True
4813456,2025-26,2025-10-26 14:00:00,Arsenal,Crystal Palace,True,540,51,572.1584172046311,8,True
4813456,2025-26,2025-10-26 14:00:00,Crystal Palace,Arsenal,False,360,51,289.40907125407637,8,True
4813457,2025-26,2025-10-26 14:00:00,Aston Villa,Manchester City,True,449,51,385.68367613336795,8,True
4813457,2025-26,2025-10-26 14:00:00,Manchester City,Aston Villa,False,504,51,503.42881393801156,8,True
4813464,2025-26,2025-10-26 14:00:00,Wolverhampton Wanderers,Burnley,True,493,51,501.0517855917297,8,True
4813464,2025-26,2025-10-26 14:00:00,Burnley,Wolverhampton Wanderers,False,391,51,381.36837567448094,8,True
4813460,2025-26,2025-10-26 16:30:00,Everton,Tottenham Hotspur,True,442,51,339.09308493132573,8,True
4813460,2025-26,2025-10-26 16:30:00,Tottenham Hotspur,Everton,False,395,51,482.3016172927178,8,True
4813465,2025-26,2025-11-01 15:00:00,Brighton & Hove Albion,Leeds United,True,491,52,501.688562343776,9,True
4813465,2025-26,2025-11-01 15:00:00,Leeds United,Brighton & Hove Albion,False,486,52,397.1725100081558,9,True
4813466,2025-26,2025-11-01 15:00:00,Burnley,Arsenal,True,427,52,305.5744208873125,9,True
4813466,2025-26,2025-11-01 15:00:00,Arsenal,Burnley,False,494,52,575.7787610387236,9,True
4813467,2025-26,2025-11-01 15:00:00,Crystal Palace,Brentford,True,268,52,413.4337399335229,9,True
4813467,2025-26,2025-11-01 15:00:00,Brentford,Crystal Palace,False,493,52,406.237471138936,9,True
4813468,2025-26,2025-11-01 15:00:00,Fulham,Wolverhampton Wanderers,True,549,52,464.70017406155876,9,True
4813468,2025-26,2025-11-01 15:00:00,Wolverhampton Wanderers,Fulham,False,316,52,416.890924736936,9,True
4813471,2025-26,2025-11-01 15:00:00,Nottingham Forest,Manchester United,True,350,52,422.1524622452254,9,True
4813471,2025-26,2025-11-01 15:00:00,Manchester United,Nottingham Forest,False,525,52,445.01111560063146,9,True
4813473,2025-26,2025-11-01 17:30:00,Tottenham Hotspur,Chelsea,True,387,52,377.3579528499397,9,True
4813473,2025-26,2025-11-01 17:30:00,Chelsea,Tottenham Hotspur,False,425,52,459.4131996687424,9,True
4813469,2025-26,2025-11-01 20:00:00,Liverpool,Aston Villa,True,467,52,474.9131939531277,9,True
4813469,2025-26,2025-11-01 20:00:00,Aston Villa,Liverpool,False,398,52,332.6443870728219,9,True
4813474,2025-26,2025-11-02 14:00:00,West Ham United,Newcastle United,True,320,52,408.3559879586728,9,True
4813474,2025-26,2025-11-02 14:00:00,Newcastle United,West Ham United,False,545,52,468.39778597821044,9,True
4813470,2025-26,2025-11-02 16:30:00,Manchester City,AFC Bournemouth,True,493,52,541.6936959359494,9,True
4813470,2025-26,2025-11-02 16:30:00,AFC Bournemouth,Manchester City,False,521,52,376.74233575285484,9,True
4813472,2025-26,2025-11-03 20:00:00,Sunderland,Everton,True,529,52,433.1571140141746,9,True
4813472,2025-26,2025-11-03 20:00:00,Everton,Sunderland,False,347,52,436.9564547410338,9,True
4813483,2025-26,2025-11-08 12:30:00,Tottenham Hotspur,Manchester United,True,464,53,411.0498150458981,10,True
4813483,2025-26,2025-11-08 12:30:00,Manchester United,Tottenham Hotspur,False,396,53,410.02976930032804,10,True
4813479,2025-26,2025-11-08 15:00:00,Everton,Fulham,True,406,53,375.59002412963656,10,True
4813479,2025-26,2025-11-08 15:00:00,Fulham,Everton,False,411,53,506.3465898921488,10,True
4813484,2025-26,2025-11-08 15:00:00,West Ham United,Burnley,True,374,53,485.4229358781145,10,True
4813484,2025-26,2025-11-08 15:00:00,Burnley,West Ham United,False,517,53,414.8482750840328,10,True
4813482,2025-26,2025-11-08 17:30:00,Sunderland,Arsenal,True,287,53,326.23424296284327,10,True
4813482,2025-26,2025-11-08 17:30:00,Arsenal,Sunderland,False,529,53,549.5215102114994,10,True
4813477,2025-26,2025-11-08 20:00:00,Chelsea,Wolverhampton Wanderers,True,614,53,534.066021079505,10,True
4813477,2025-26,2025-11-08 20:00:00,Wolverhampton Wanderers,Chelsea,False,346,53,352.6564974433181,10,True
4813475,2025-26,2025-11-09 14:00:00,Aston Villa,AFC Bournemouth,True,346,53,413.6928252839595,10,True
4813475,2025-26,2025-11-09 14:00:00,AFC Bournemouth,Aston Villa,False,316,53,384.2289908048098,10,True
4813476,2025-26,2025-11-09 14:00:00,Brentford,Newcastle United,True,423,53,359.80447477221,10,True
4813476,2025-26,2025-11-09 14:00:00,Newcastle United,Brentford,False,440,53,459.50920298158474,10,True
4813478,2025-26,2025-11-09 14:00:00,Crystal Palace,Brighton & Hove Albion,True,373,53,373.228995218358,10,True
4813478,2025-26,2025-11-09 14:00:00,Brighton & Hove Albion,Crystal Palace,False,503,53,495.8831946561088,10,True
4813481,2025-26,2025-11-09 14:00:00,Nottingham Forest,Leeds United,True,348,53,485.87503315551044,10,True
4813481,2025-26,2025-11-09 14:00:00,Leeds United,Nottingham Forest,False,435,53,410.75503924056545,10,True
4813480,2025-26,2025-11-09 16:30:00,Manchester City,Liverpool,True,452,53,453.44066127304455,10,True
4813480,2025-26,2025-11-09 16:30:00,Liverpool,Manchester City,False,471,53,477.805846533047,10,True
4813488,2025-26,2025-11-22 12:30:00,Burnley,Chelsea,True,418,54,343.7696546891158,11,True
4813488,2025-26,2025-11-22 12:30:00,Chelsea,Burnley,False,524,54,591.5884973356048,11,True
4813485,2025-26,2025-11-22 15:00:00,AFC Bournemouth,West Ham United,True,616,54,476.43007740535717,11,True
4813485,2025-26,2025-11-22 15:00:00,West Ham United,AFC Bournemouth,False,202,54,369.6340015133524,11,True
4813487,2025-26,2025-11-22 15:00:00,Brighton & Hove Albion,Brentford,True,576,54,464.0053079675239,11,True
4813487,2025-26,2025-11-22 15:00:00,Brentford,Brighton & Hove Albion,False,314,54,373.81765584220466,11,True
4813489,2025-26,2025-11-22 15:00:00,Fulham,Sunderland,True,485,54,519.0757966029885,11,True
4813489,2025-26,2025-11-22 15:00:00,Sunderland,Fulham,False,373,54,385.3794699200478,11,True
4813491,2025-26,2025-11-22 15:00:00,Liverpool,Nottingham Forest,True,629,54,532.7468672883339,11,True
4813491,2025-26,2025-11-22 15:00:00,Nottingham Forest,Liverpool,False,215,54,329.4679223202525,11,True
4813494,2025-26,2025-11-22 15:00:00,Wolverhampton Wanderers,Crystal Palace,True,408,54,475.70154675345225,11,True
4813494,2025-26,2025-11-22 15:00:00,Crystal Palace,Wolverhampton Wanderers,False,437,54,382.92524102605984,11,True
4813493,2025-26,2025-11-22 17:30:00,Newcastle United,Manchester City,True,285,54,418.27537537534863,11,True
4813493,2025-26,2025-11-22 17:30:00,Manchester City,Newcastle United,False,584,54,536.8777978916202,11,True
4813490,2025-26,2025-11-23 14:00:00,Leeds United,Aston Villa,True,400,54,371.2624444578457,11,True
4813490,2025-26,2025-11-23 14:00:00,Aston Villa,Leeds United,False,449,54,472.3219789167447,11,True
4813486,2025-26,2025-11-23 16:30:00,Arsenal,Tottenham Hotspur,True,448,54,441.3432624780885,11,True
4813486,2025-26,2025-11-23 16:30:00,Tottenham Hotspur,Arsenal,False,330,54,349.23163762372684,11,True
4813492,2025-26,2025-11-24 20:00:00,Manchester United,Everton,True,635,54,513.6764913082651,11,True
4813492,2025-26,2025-11-24 20:00:00,Everton,Manchester United,False,281,54,357.2402622300004,11,True
4813496,2025-26,2025-11-29 15:00:00,Brentford,Burnley,True,406,55,439.70277082996756,12,True
4813496,2025-26,2025-11-29 15:00:00,Burnley,Brentford,False,379,55,410.97231196196645,12,True
4813500,2025-26,2025-11-29 15:00:00,Manchester City,Leeds United,True,561,55,637.7379701403171,12,True
4813500,2025-26,2025-11-29 15:00:00,Leeds United,Manchester City,False,348,55,368.31795958380025,12,True
4813502,2025-26,2025-11-29 15:00:00,Sunderland,AFC Bournemouth,True,334,55,358.318339017796,12,True
4813502,2025-26,2025-11-29 15:00:00,AFC Bournemouth,Sunderland,False,463,55,488.6243121758095,12,True
4813499,2025-26,2025-11-29 17:30:00,Everton,Newcastle United,True,520,55,368.6233407464195,12,True
4813499,2025-26,2025-11-29 17:30:00,Newcastle United,Everton,False,553,55,482.0658470258872,12,True
4813503,2025-26,2025-11-29 20:00:00,Tottenham Hotspur,Fulham,True,507,55,435.19090090258277,12,True
4813503,2025-26,2025-11-29 20:00:00,Fulham,Tottenham Hotspur,False,320,55,397.4337316049217,12,True
4813498,2025-26,2025-11-30 12:00:00,Crystal Palace,Manchester United,True,339,55,357.6268577751943,12,True
4813498,2025-26,2025-11-30 12:00:00,Manchester United,Crystal Palace,False,443,55,523.9505495803921,12,True
4813495,2025-26,2025-11-30 14:05:00,Aston Villa,Wolverhampton Wanderers,True,461,55,460.625118562023,12,True
4813495,2025-26,2025-11-30 14:05:00,Wolverhampton Wanderers,Aston Villa,False,423,55,358.9815563892985,12,True
4813501,2025-26,2025-11-30 14:05:00,Nottingham Forest,Brighton & Hove Albion,True,492,55,409.2543730188614,12,True
4813501,2025-26,2025-11-30 14:05:00,Brighton & Hove Albion,Nottingham Forest,False,476,55,457.5007982792253,12,True
4813504,2025-26,2025-11-30 14:05:00,West Ham United,Liverpool,True,380,55,308.11148504653397,12,True
4813504,2025-26,2025-11-30 14:05:00,Liverpool,West Ham United,False,515,55,587.083620183246,12,True
4813497,2025-26,2025-11-30 16:30:00,Chelsea,Arsenal,True,279,55,419.99439341324575,12,True
4813497,2025-26,2025-11-30 16:30:00,Arsenal,Chelsea,False,463,55,423.686005662542,12,True
4813505,2025-26,2025-12-02 19:30:00,AFC Bournemouth,Everton,True,476,56,498.80067868242253,13,True
4813505,2025-26,2025-12-02 19:30:00,Everton,AFC Bournemouth,False,378,56,339.9062552401972,13,True
4813509,2025-26,2025-12-02 19:30:00,Fulham,Manchester City,True,612,56,402.1623020432681,13,True
4813509,2025-26,2025-12-02 19:30:00,Manchester City,Fulham,False,467,56,553.1355848372717,13,True
4813513,2025-26,2025-12-02 20:15:00,Newcastle United,Tottenham Hotspur,True,440,56,397.1083601327992,13,True
4813513,2025-26,2025-12-02 20:15:00,Tottenham Hotspur,Newcastle United,False,388,56,431.4986089298367,13,True
4813506,2025-26,2025-12-03 19:30:00,Arsenal,Brentford,True,542,56,522.3770797143383,13,True
4813506,2025-26,2025-12-03 19:30:00,Brentford,Arsenal,False,333,56,290.4440363568023,13,True
4813507,2025-26,2025-12-03 19:30:00,Brighton & Hove Albion,Aston Villa,True,473,56,414.3078493572351,13,True
4813507,2025-26,2025-12-03 19:30:00,Aston Villa,Brighton & Hove Albion,False,362,56,425.24956757132077,13,True
4813508,2025-26,2025-12-03 19:30:00,Burnley,Crystal Palace,True,567,56,445.90509474706425,13,True
4813508,2025-26,2025-12-03 19:30:00,Crystal Palace,Burnley,False,417,56,423.0076768428149,13,True
4813514,2025-26,2025-12-03 19:30:00,Wolverhampton Wanderers,Nottingham Forest,True,415,56,433.00830131314257,13,True
4813514,2025-26,2025-12-03 19:30:00,Nottingham Forest,Wolverhampton Wanderers,False,416,56,431.12048099483354,13,True
4813510,2025-26,2025-12-03 20:15:00,Leeds United,Chelsea,True,264,56,372.39029311351055,13,True
4813510,2025-26,2025-12-03 20:15:00,Chelsea,Leeds United,False,682,56,544.194304216438,13,True
4813511,2025-26,2025-12-03 20:15:00,Liverpool,Sunderland,True,638,56,599.4063929924546,13,True
4813511,2025-26,2025-12-03 20:15:00,Sunderland,Liverpool,False,304,56,306.36903887934324,13,True
4813512,2025-26,2025-12-04 20:00:00,Manchester United,West Ham United,True,547,56,524.7166325810604,13,True
4813512,2025-26,2025-12-04 20:00:00,West Ham United,Manchester United,False,297,56,366.97362265915297,13,True
4813516,2025-26,2025-12-06 12:30:00,Aston Villa,Arsenal,True,397,57,343.52866830890054,14,True
4813516,2025-26,2025-12-06 12:30:00,Arsenal,Aston Villa,False,443,57,441.2781813089558,14,True
4813515,2025-26,2025-12-06 15:00:00,AFC Bournemouth,Chelsea,True,329,57,381.1155594094206,14,True
4813515,2025-26,2025-12-06 15:00:00,Chelsea,AFC Bournemouth,False,519,57,454.5731620623667,14,True
4813518,2025-26,2025-12-06 15:00:00,Everton,Nottingham Forest,True,306,57,404.1607464164731,14,True
4813518,2025-26,2025-12-06 15:00:00,Nottingham Forest,Everton,False,441,57,459.42617605118465,14,True
4813521,2025-26,2025-12-06 15:00:00,Manchester City,Sunderland,True,623,57,639.0212706288942,14,True
4813521,2025-26,2025-12-06 15:00:00,Sunderland,Manchester City,False,347,57,358.1564308633265,14,True
4813522,2025-26,2025-12-06 15:00:00,Newcastle United,Burnley,True,611,57,517.9053996128002,14,True
4813522,2025-26,2025-12-06 15:00:00,Burnley,Newcastle United,False,259,57,388.59155098702917,14,True
4813523,2025-26,2025-12-06 15:00:00,Tottenham Hotspur,Brentford,True,400,57,466.0335367732749,14,True
4813523,2025-26,2025-12-06 15:00:00,Brentford,Tottenham Hotspur,False,355,57,331.28509137867167,14,True
4813520,2025-26,2025-12-06 17:30:00,Leeds United,Liverpool,True,402,57,329.30972377484073,14,True
4813520,2025-26,2025-12-06 17:30:00,Liverpool,Leeds United,False,503,57,573.7011009299562,14,True
4813517,2025-26,2025-12-07 14:00:00,Brighton & Hove Albion,West Ham United,True,586,57,516.29246488521,14,True
4813517,2025-26,2025-12-07 14:00:00,West Ham United,Brighton & Hove Albion,False,277,57,381.2379508486092,14,True
4813519,2025-26,2025-12-07 16:30:00,Fulham,Crystal Palace,True,640,57,526.2330893055116,14,True
4813519,2025-26,2025-12-07 16:30:00,Crystal Palace,Fulham,False,367,57,362.339713241186,14,True
4813524,2025-26,2025-12-08 20:00:00,Wolverhampton Wanderers,Manchester United,True,294,57,386.9644233335412,14,True
4813524,2025-26,2025-12-08 20:00:00,Manchester United,Wolverhampton Wanderers,False,541,57,481.64211266664546,14,True
4813528,2025-26,2025-12-13 15:00:00,Chelsea,Everton,True,537,58,588.6527439165322,15,True
4813528,2025-26,2025-12-13 15:00:00,Everton,Chelsea,False,373,58,322.7343217335632,15,True
4813530,2025-26,2025-12-13 15:00:00,Liverpool,Brighton & Hove Albion,True,519,58,512.9032096053134,15,True
4813530,2025-26,2025-12-13 15:00:00,Brighton & Hove Albion,Liverpool,False,526,58,366.0385166912659,15,True
4813527,2025-26,2025-12-13 17:30:00,Burnley,Fulham,True,536,58,395.19952007359484,15,True
4813527,2025-26,2025-12-13 17:30:00,Fulham,Burnley,False,479,58,529.2843062634458,15,True
4813525,2025-26,2025-12-13 20:00:00,Arsenal,Wolverhampton Wanderers,True,572,58,527.7172739867497,15,True
4813525,2025-26,2025-12-13 20:00:00,Wolverhampton Wanderers,Arsenal,False,261,58,320.9218695980074,15,True
4813529,2025-26,2025-12-14 14:00:00,Crystal Palace,Manchester City,True,375,58,351.0809216806988,15,True
4813529,2025-26,2025-12-14 14:00:00,Manchester City,Crystal Palace,False,598,58,628.4258876614194,15,True
4813532,2025-26,2025-12-14 14:00:00,Nottingham Forest,Tottenham Hotspur,True,392,58,374.26533869419814,15,True
4813532,2025-26,2025-12-14 14:00:00,Tottenham Hotspur,Nottingham Forest,False,420,58,433.1580907601659,15,True
4813533,2025-26,2025-12-14 14:00:00,Sunderland,Newcastle United,True,394,58,386.34828709702276,15,True
4813533,2025-26,2025-12-14 14:00:00,Newcastle United,Sunderland,False,444,58,501.61436621121254,15,True
4813534,2025-26,2025-12-14 14:00:00,West Ham United,Aston Villa,True,386,58,358.0077089141138,15,True
4813534,2025-26,2025-12-14 14:00:00,Aston Villa,West Ham United,False,566,58,474.75233182312576,15,True
4813526,2025-26,2025-12-14 16:30:00,Brentford,Leeds United,True,497,58,426.2993539930587,15,True
4813526,2025-26,2025-12-14 16:30:00,Leeds United,Brentford,False,361,58,420.97727978919767,15,True
4813531,2025-26,2025-12-15 20:00:00,Manchester United,AFC Bournemouth,True,393,58,436.7116428261879,15,True
4813531,2025-26,2025-12-15 20:00:00,AFC Bournemouth,Manchester United,False,300,58,384.7789627329474,15,True
4813542,2025-26,2025-12-20 12:30:00,Newcastle United,Chelsea,True,361,59,394.92979914939866,16,True
4813542,2025-26,2025-12-20 12:30:00,Chelsea,Newcastle United,False,433,59,487.1988230681033,16,True
4813535,2025-26,2025-12-20 15:00:00,AFC Bournemouth,Burnley,True,506,59,493.74424194542746,16,True
4813535,2025-26,2025-12-20 15:00:00,Burnley,AFC Bournemouth,False,269,59,356.96015389537143,16,True
4813537,2025-26,2025-12-20 15:00:00,Brighton & Hove Albion,Sunderland,True,441,59,540.1380385485477,16,True
4813537,2025-26,2025-12-20 15:00:00,Sunderland,Brighton & Hove Albion,False,334,59,375.3598506404312,16,True
4813541,2025-26,2025-12-20 15:00:00,Manchester City,West Ham United,True,750,59,636.6792632322431,16,True
4813541,2025-26,2025-12-20 15:00:00,West Ham United,Manchester City,False,391,59,354.1865839545719,16,True
4813544,2025-26,2025-12-20 15:00:00,Wolverhampton Wanderers,Brentford,True,358,59,421.50559318207667,16,True
4813544,2025-26,2025-12-20 15:00:00,Brentford,Wolverhampton Wanderers,False,481,59,400.75650152930575,16,True
4813543,2025-26,2025-12-20 17:30:00,Tottenham Hotspur,Liverpool,True,322,59,365.4074507595953,16,True
4813543,2025-26,2025-12-20 17:30:00,Liverpool,Tottenham Hotspur,False,614,59,459.9598189089088,16,True
4813538,2025-26,2025-12-20 20:00:00,Everton,Arsenal,True,339,59,308.41545216043426,16,True
4813538,2025-26,2025-12-20 20:00:00,Arsenal,Everton,False,654,59,543.5484974586675,16,True
4813540,2025-26,2025-12-20 20:00:00,Leeds United,Crystal Palace,True,400,59,475.88890414324624,16,True
4813540,2025-26,2025-12-20 20:00:00,Crystal Palace,Leeds United,False,362,59,410.6599601231146,16,True
4813536,2025-26,2025-12-21 16:30:00,Aston Villa,Manchester United,True,351,59,397.7273737487271,16,True
4813536,2025-26,2025-12-21 16:30:00,Manchester United,Aston Villa,False,460,59,421.32303288565237,16,True
4813539,2025-26,2025-12-22 20:00:00,Fulham,Nottingham Forest,True,495,59,476.9537191967684,16,True
4813539,2025-26,2025-12-22 20:00:00,Nottingham Forest,Fulham,False,490,59,407.60255594019424,16,True
4813551,2025-26,2025-12-26 20:00:00,Manchester United,Newcastle United,True,328,60,457.5719449358792,17,True
4813551,2025-26,2025-12-26 20:00:00,Newcastle United,Manchester United,False,627,60,389.36156482393096,17,True
4813552,2025-26,2025-12-27 12:30:00,Nottingham Forest,Manchester City,True,293,60,393.28504879260396,17,True
4813552,2025-26,2025-12-27 12:30:00,Manchester City,Nottingham Forest,False,595,60,560.6830829940461,17,True
4813545,2025-26,2025-12-27 15:00:00,Arsenal,Brighton & Hove Albion,True,450,60,489.6491940046319,17,True
4813545,2025-26,2025-12-27 15:00:00,Brighton & Hove Albion,Arsenal,False,407,60,365.07426473138617,17,True
4813546,2025-26,2025-12-27 15:00:00,Brentford,AFC Bournemouth,True,395,60,353.7130202528433,17,True
4813546,2025-26,2025-12-27 15:00:00,AFC Bournemouth,Brentford,False,376,60,423.75025552213725,17,True
4813547,2025-26,2025-12-27 15:00:00,Burnley,Everton,True,466,60,457.1409867229911,17,True
4813547,2025-26,2025-12-27 15:00:00,Everton,Burnley,False,394,60,435.3582399207347,17,True
4813550,2025-26,2025-12-27 15:00:00,Liverpool,Wolverhampton Wanderers,True,660,60,577.785205260193,17,True
4813550,2025-26,2025-12-27 15:00:00,Wolverhampton Wanderers,Liverpool,False,327,60,324.4591717779795,17,True
4813554,2025-26,2025-12-27 15:00:00,West Ham United,Fulham,True,404,60,406.2004020263514,17,True
4813554,2025-26,2025-12-27 15:00:00,Fulham,West Ham United,False,508,60,523.4140688103192,17,True
4813548,2025-26,2025-12-27 17:30:00,Chelsea,Aston Villa,True,528,60,475.3179333789483,17,True
4813548,2025-26,2025-12-27 17:30:00,Aston Villa,Chelsea,False,321,60,368.01953166639737,17,True
4813553,2025-26,2025-12-28 14:00:00,Sunderland,Leeds United,True,393,60,440.2815750425854,17,True
4813553,2025-26,2025-12-28 14:00:00,Leeds United,Sunderland,False,513,60,446.9067250446475,17,True
4813549,2025-26,2025-12-28 16:30:00,Crystal Palace,Tottenham Hotspur,True,544,60,347.68012710936137,17,True
4813549,2025-26,2025-12-28 16:30:00,Tottenham Hotspur,Crystal Palace,False,340,60,479.22524278499475,17,True
4813557,2025-26,2025-12-30 19:30:00,Burnley,Newcastle United,True,439,61,381.1565886988138,18,True
4813557,2025-26,2025-12-30 19:30:00,Newcastle United,Burnley,False,467,61,515.2481633331406,18,True
4813558,2025-26,2025-12-30 19:30:00,Chelsea,AFC Bournemouth,True,563,61,466.54577615402155,18,True
4813558,2025-26,2025-12-30 19:30:00,AFC Bournemouth,Chelsea,False,269,61,354.8217007086138,18,True
4813562,2025-26,2025-12-30 19:30:00,Nottingham Forest,Everton,True,665,61,471.3223675210969,18,True
4813562,2025-26,2025-12-30 19:30:00,Everton,Nottingham Forest,False,301,61,383.7298380836115,18,True
4813564,2025-26,2025-12-30 19:30:00,West Ham United,Brighton & Hove Albion,True,335,61,382.9689936307324,18,True
4813564,2025-26,2025-12-30 19:30:00,Brighton & Hove Albion,West Ham United,False,541,61,524.7889122627424,18,True
4813555,2025-26,2025-12-30 20:15:00,Arsenal,Aston Villa,True,351,61,469.18144137137955,18,True
4813555,2025-26,2025-12-30 20:15:00,Aston Villa,Arsenal,False,416,61,339.05475004851945,18,True
4813561,2025-26,2025-12-30 20:15:00,Manchester United,Wolverhampton Wanderers,True,506,61,507.80009420045235,18,True
4813561,2025-26,2025-12-30 20:15:00,Wolverhampton Wanderers,Manchester United,False,397,61,364.9471169307286,18,True
4813559,2025-26,2026-01-01 17:30:00,Crystal Palace,Fulham,True,388,62,396.53901946318825,18,True
4813559,2025-26,2026-01-01 17:30:00,Fulham,Crystal Palace,False,586,62,507.41631399963,18,True
4813560,2025-26,2026-01-01 17:30:00,Liverpool,Leeds United,True,636,62,598.366573445133,18,True
4813560,2025-26,2026-01-01 17:30:00,Leeds United,Liverpool,False,295,62,331.84624310979825,18,True
4813556,2025-26,2026-01-01 20:00:00,Brentford,Tottenham Hotspur,True,515,62,376.05399709287883,18,True
4813556,2025-26,2026-01-01 20:00:00,Tottenham Hotspur,Brentford,False,412,62,419.5937283619997,18,True
4813563,2025-26,2026-01-01 20:00:00,Sunderland,Manchester City,True,304,62,362.92354630568553,18,True
4813563,2025-26,2026-01-01 20:00:00,Manchester City,Sunderland,False,640,62,620.0171838015212,18,True
4813566,2025-26,2026-01-03 12:30:00,Aston Villa,Nottingham Forest,True,645,63,444.6629511009407,19,True
4813566,2025-26,2026-01-03 12:30:00,Nottingham Forest,Aston Villa,False,239,63,376.1280550890833,19,True
4813567,2025-26,2026-01-03 15:00:00,Brighton & Hove Albion,Burnley,True,608,63,542.0827048416465,19,True
4813567,2025-26,2026-01-03 15:00:00,Burnley,Brighton & Hove Albion,False,396,63,373.95008299103773,19,True
4813574,2025-26,2026-01-03 15:00:00,Wolverhampton Wanderers,West Ham United,True,301,63,466.67334469050564,19,True
4813574,2025-26,2026-01-03 15:00:00,West Ham United,Wolverhampton Wanderers,False,624,63,415.84205820890804,19,True
4813565,2025-26,2026-01-03 17:30:00,AFC Bournemouth,Arsenal,True,339,63,342.72333489480917,19,True
4813565,2025-26,2026-01-03 17:30:00,Arsenal,AFC Bournemouth,False,462,63,440.1683914213733,19,True
4813570,2025-26,2026-01-04 12:30:00,Leeds United,Manchester United,True,425,63,385.48128575063515,19,True
4813570,2025-26,2026-01-04 12:30:00,Manchester United,Leeds United,False,529,63,501.57198448734573,19,True
4813568,2025-26,2026-01-04 15:00:00,Everton,Brentford,True,364,63,386.5847535754619,19,True
4813568,2025-26,2026-01-04 15:00:00,Brentford,Everton,False,455,63,455.49690420251676,19,True
4813572,2025-26,2026-01-04 15:00:00,Newcastle United,Crystal Palace,True,494,63,518.4935600191848,19,True
4813572,2025-26,2026-01-04 15:00:00,Crystal Palace,Newcastle United,False,344,63,358.2391081746076,19,True
4813573,2025-26,2026-01-04 15:00:00,Tottenham Hotspur,Sunderland,True,361,63,481.5226891992004,19,True
4813573,2025-26,2026-01-04 15:00:00,Sunderland,Tottenham Hotspur,False,382,63,367.95620027009886,19,True
4813569,2025-26,2026-01-04 15:15:00,Fulham,Liverpool,True,462,63,389.4441006098873,19,True
4813569,2025-26,2026-01-04 15:15:00,Liverpool,Fulham,False,639,63,534.7605175757323,19,True
4813571,2025-26,2026-01-04 17:30:00,Manchester City,Chelsea,True,580,63,484.89814954372207,19,True
4813571,2025-26,2026-01-04 17:30:00,Chelsea,Manchester City,False,436,63,458.07037065457297,19,True
4813584,2025-26,2026-01-06 20:00:00,West Ham United,Nottingham Forest,True,379,64,426.11058769900535,20,True
4813584,2025-26,2026-01-06 20:00:00,Nottingham Forest,West Ham United,False,418,64,450.2065873123084,20,True
4813575,2025-26,2026-01-07 19:30:00,AFC Bournemouth,Tottenham Hotspur,True,321,64,404.9499038946878,20,True
4813575,2025-26,2026-01-07 19:30:00,Tottenham Hotspur,AFC Bournemouth,False,434,64,372.75956508567975,20,True
4813577,2025-26,2026-01-07 19:30:00,Brentford,Sunderland,True,392,64,451.5806236630453,20,True
4813577,2025-26,2026-01-07 19:30:00,Sunderland,Brentford,False,389,64,386.1208850308953,20,True
4813579,2025-26,2026-01-07 19:30:00,Crystal Palace,Aston Villa,True,369,64,347.2141518697517,20,True
4813579,2025-26,2026-01-07 19:30:00,Aston Villa,Crystal Palace,False,537,64,488.26523711827116,20,True
4813580,2025-26,2026-01-07 19:30:00,Everton,Wolverhampton Wanderers,True,364,64,419.9140998234672,20,True
4813580,2025-26,2026-01-07 19:30:00,Wolverhampton Wanderers,Everton,False,434,64,447.47634402610635,20,True
4813581,2025-26,2026-01-07 19:30:00,Fulham,Chelsea,True,572,64,412.6061225362437,20,True
4813581,2025-26,2026-01-07 19:30:00,Chelsea,Fulham,False,459,64,518.1960053830406,20,True
4813582,2025-26,2026-01-07 19:30:00,Manchester City,Brighton & Hove Albion,True,608,64,549.0354494496944,20,True
4813582,2025-26,2026-01-07 19:30:00,Brighton & Hove Albion,Manchester City,False,399,64,418.2429402025668,20,True
4813578,2025-26,2026-01-07 20:15:00,Burnley,Manchester United,True,315,64,381.0933311361318,20,True
4813578,2025-26,2026-01-07 20:15:00,Manchester United,Burnley,False,593,64,520.7938780158246,20,True
4813583,2025-26,2026-01-07 20:15:00,Newcastle United,Leeds United,True,545,64,508.2283254296215,20,True
4813583,2025-26,2026-01-07 20:15:00,Leeds United,Newcastle United,False,334,64,381.0536135392354,20,True
4813576,2025-26,2026-01-08 20:00:00,Arsenal,Liverpool,True,459,64,414.94530522217235,20,True
4813576,2025-26,2026-01-08 20:00:00,Liverpool,Arsenal,False,509,64,431.54850219597995,20,True
4813590,2025-26,2026-01-17 12:30:00,Manchester United,Manchester City,True,302,65,425.8558565556564,21,True
4813590,2025-26,2026-01-17 12:30:00,Manchester City,Manchester United,False,646,65,521.7046737492685,21,True
4813587,2025-26,2026-01-17 15:00:00,Chelsea,Brentford,True,443,65,520.5156095073665,21,True
4813587,2025-26,2026-01-17 15:00:00,Brentford,Chelsea,False,513,65,344.3670049253528,21,True
4813588,2025-26,2026-01-17 15:00:00,Leeds United,Fulham,True,402,65,421.08857375230394,21,True
4813588,2025-26,2026-01-17 15:00:00,Fulham,Leeds United,False,477,65,523.7501288183912,21,True
4813589,2025-26,2026-01-17 15:00:00,Liverpool,Burnley,True,728,65,635.2831102698354,21,True
4813589,2025-26,2026-01-17 15:00:00,Burnley,Liverpool,False,275,65,327.98279398042195,21,True
4813592,2025-26,2026-01-17 15:00:00,Sunderland,Crystal Palace,True,456,65,444.66033708705635,21,True
4813592,2025-26,2026-01-17 15:00:00,Crystal Palace,Sunderland,False,339,65,418.11881237085964,21,True
4813593,2025-26,2026-01-17 15:00:00,Tottenham Hotspur,West Ham United,True,481,65,471.64293110605405,21,True
4813593,2025-26,2026-01-17 15:00:00,West Ham United,Tottenham Hotspur,False,306,65,376.7620525924848,21,True
4813591,2025-26,2026-01-17 17:30:00,Nottingham Forest,Arsenal,True,321,65,339.9682680432398,21,True
4813591,2025-26,2026-01-17 17:30:00,Arsenal,Nottingham Forest,False,494,65,501.2914025467217,21,True
4813594,2025-26,2026-01-18 14:00:00,Wolverhampton Wanderers,Newcastle United,True,303,65,375.21691828415373,21,True
4813594,2025-26,2026-01-18 14:00:00,Newcastle United,Wolverhampton Wanderers,False,614,65,489.77240466445505,21,True
4813585,2025-26,2026-01-18 16:30:00,Aston Villa,Everton,True,495,65,523.2565682296921,21,True
4813585,2025-26,2026-01-18 16:30:00,Everton,Aston Villa,False,292,65,328.3200906256297,21,True
4813586,2025-26,2026-01-19 20:00:00,Brighton & Hove Albion,AFC Bournemouth,True,580,65,440.74795882110055,21,True
4813586,2025-26,2026-01-19 20:00:00,AFC Bournemouth,Brighton & Hove Albion,False,282,65,386.0181111014829,21,True
4813604,2025-26,2026-01-24 12:30:00,West Ham United,Sunderland,True,366,66,446.1705639671292,22,True
4813604,2025-26,2026-01-24 12:30:00,Sunderland,West Ham United,False,406,66,427.78409047123245,22,True
4813598,2025-26,2026-01-24 15:00:00,Burnley,Tottenham Hotspur,True,379,66,379.60531834567934,22,True
4813598,2025-26,2026-01-24 15:00:00,Tottenham Hotspur,Burnley,False,620,66,475.8315566796124,22,True
4813601,2025-26,2026-01-24 15:00:00,Fulham,Brighton & Hove Albion,True,502,66,458.335082946554,22,True
4813601,2025-26,2026-01-24 15:00:00,Brighton & Hove Albion,Fulham,False,517,66,478.9962752050855,22,True
4813602,2025-26,2026-01-24 15:00:00,Manchester City,Wolverhampton Wanderers,True,644,66,651.6750839406806,22,True
4813602,2025-26,2026-01-24 15:00:00,Wolverhampton Wanderers,Manchester City,False,349,66,337.71529758112104,22,True
4813595,2025-26,2026-01-24 17:30:00,AFC Bournemouth,Liverpool,True,298,66,339.8417481913064,22,True
4813595,2025-26,2026-01-24 17:30:00,Liverpool,AFC Bournemouth,False,616,66,508.0661585359116,22,True
4813597,2025-26,2026-01-25 14:00:00,Brentford,Nottingham Forest,True,567,66,424.8889671630538,22,True
4813597,2025-26,2026-01-25 14:00:00,Nottingham Forest,Brentford,False,295,66,398.961447296918,22,True
4813599,2025-26,2026-01-25 14:00:00,Crystal Palace,Chelsea,True,440,66,348.3685415022097,22,True
4813599,2025-26,2026-01-25 14:00:00,Chelsea,Crystal Palace,False,590,66,558.6797933910641,22,True
4813603,2025-26,2026-01-25 14:00:00,Newcastle United,Aston Villa,True,519,66,418.55812424169306,22,True
4813603,2025-26,2026-01-25 14:00:00,Aston Villa,Newcastle United,False,353,66,407.68329365666324,22,True
4813596,2025-26,2026-01-25 16:30:00,Arsenal,Manchester United,True,443,66,473.7970792668028,22,True
4813596,2025-26,2026-01-25 16:30:00,Manchester United,Arsenal,False,364,66,371.361927706475,22,True
4813600,2025-26,2026-01-26 20:00:00,Everton,Leeds United,True,542,66,413.7016472782427,22,True
4813600,2025-26,2026-01-26 20:00:00,Leeds United,Everton,False,394,66,461.1437947383029,22,True
4813606,2025-26,2026-01-31 15:00:00,Brighton & Hove Albion,Everton,True,492,67,557.8279984621614,23,True
4813606,2025-26,2026-01-31 15:00:00,Everton,Brighton & Hove Albion,False,423,67,351.46789038899533,23,True
4813608,2025-26,2026-01-31 15:00:00,Leeds United,Arsenal,True,395,67,336.05688915055777,23,True
4813608,2025-26,2026-01-31 15:00:00,Arsenal,Leeds United,False,395,67,537.7534883164989,23,True
4813614,2025-26,2026-01-31 15:00:00,Wolverhampton Wanderers,AFC Bournemouth,True,476,67,376.7486055487107,23,True
4813614,2025-26,2026-01-31 15:00:00,AFC Bournemouth,Wolverhampton Wanderers,False,469,67,436.2867834414062,23,True
4813607,2025-26,2026-01-31 17:30:00,Chelsea,West Ham United,True,721,67,568.4209176711577,23,True
4813607,2025-26,2026-01-31 17:30:00,West Ham United,Chelsea,False,300,67,354.88066628184345,23,True
4813609,2025-26,2026-01-31 20:00:00,Liverpool,Newcastle United,True,411,67,520.7707935097853,23,True
4813609,2025-26,2026-01-31 20:00:00,Newcastle United,Liverpool,False,332,67,377.29684331555745,23,True
4813605,2025-26,2026-02-01 14:00:00,Aston Villa,Brentford,True,636,67,439.7988207366734,23,True
4813605,2025-26,2026-02-01 14:00:00,Brentford,Aston Villa,False,256,67,368.71499387689994,23,True
4813610,2025-26,2026-02-01 14:00:00,Manchester United,Fulham,True,428,67,476.16793505253725,23,True
4813610,2025-26,2026-02-01 14:00:00,Fulham,Manchester United,False,576,67,442.62965867839193,23,True
4813611,2025-26,2026-02-01 14:00:00,Nottingham Forest,Crystal Palace,True,282,67,458.4516044371562,23,True
4813611,2025-26,2026-02-01 14:00:00,Crystal Palace,Nottingham Forest,False,575,67,395.5161180673945,23,True
4813613,2025-26,2026-02-01 16:30:00,Tottenham Hotspur,Manchester City,True,385,67,383.2630936024179,23,True
4813613,2025-26,2026-02-01 16:30:00,Manchester City,Tottenham Hotspur,False,578,67,533.9942607657515,23,True
4813612,2025-26,2026-02-02 20:00:00,Sunderland,Burnley,True,426,67,461.5436528660983,23,True
4813612,2025-26,2026-02-02 20:00:00,Burnley,Sunderland,False,529,67,427.3844714586245,23,True
4813620,2025-26,2026-02-06 20:00:00,Leeds United,Nottingham Forest,True,477,68,441.2746342337889,24,True
4813620,2025-26,2026-02-06 20:00:00,Nottingham Forest,Leeds United,False,350,68,423.7281124158244,24,True
4813622,2025-26,2026-02-07 12:30:00,Manchester United,Tottenham Hotspur,True,649,68,440.24904008925137,24,True
4813622,2025-26,2026-02-07 12:30:00,Tottenham Hotspur,Manchester United,False,342,68,401.0470905046467,24,True
4813615,2025-26,2026-02-07 15:00:00,AFC Bournemouth,Aston Villa,True,413,68,365.4024767288942,24,True
4813615,2025-26,2026-02-07 15:00:00,Aston Villa,AFC Bournemouth,False,382,68,426.5263280712463,24,True
4813616,2025-26,2026-02-07 15:00:00,Arsenal,Sunderland,True,389,68,540.3034221699817,24,True
4813616,2025-26,2026-02-07 15:00:00,Sunderland,Arsenal,False,408,68,316.9698609518222,24,True
4813618,2025-26,2026-02-07 15:00:00,Burnley,West Ham United,True,470,68,456.55470967050417,24,True
4813618,2025-26,2026-02-07 15:00:00,West Ham United,Burnley,False,424,68,445.7997389341132,24,True
4813619,2025-26,2026-02-07 15:00:00,Fulham,Everton,True,483,68,559.7256451553781,24,True
4813619,2025-26,2026-02-07 15:00:00,Everton,Fulham,False,392,68,376.7668239893089,24,True
4813624,2025-26,2026-02-07 15:00:00,Wolverhampton Wanderers,Chelsea,True,365,68,364.7568374897965,24,True
4813624,2025-26,2026-02-07 15:00:00,Chelsea,Wolverhampton Wanderers,False,747,68,561.6111130925232,24,True
4813623,2025-26,2026-02-07 17:30:00,Newcastle United,Brentford,True,428,68,472.48068656988767,24,True
4813623,2025-26,2026-02-07 17:30:00,Brentford,Newcastle United,False,379,68,363.9309980003083,24,True
4813617,2025-26,2026-02-08 14:00:00,Brighton & Hove Albion,Crystal Palace,True,557,68,533.1288643575559,24,True
4813617,2025-26,2026-02-08 14:00:00,Crystal Palace,Brighton & Hove Albion,False,311,68,371.62726279718567,24,True
4813621,2025-26,2026-02-08 16:30:00,Liverpool,Manchester City,True,390,68,490.6457793159533,24,True
4813621,2025-26,2026-02-08 16:30:00,Manchester City,Liverpool,False,465,68,465.45901396010424,24,True
4813627,2025-26,2026-02-10 19:30:00,Chelsea,Leeds United,True,644,69,584.2619635883352,25,True
4813627,2025-26,2026-02-10 19:30:00,Leeds United,Chelsea,False,336,69,363.83951719851615,25,True
4813629,2025-26,2026-02-10 19:30:00,Everton,AFC Bournemouth,True,443,69,368.09114457009514,25,True
4813629,2025-26,2026-02-10 19:30:00,AFC Bournemouth,Everton,False,403,69,447.33588502774126,25,True
4813633,2025-26,2026-02-10 19:30:00,Tottenham Hotspur,Newcastle United,True,407,69,393.60194240322693,25,True
4813633,2025-26,2026-02-10 19:30:00,Newcastle United,Tottenham Hotspur,False,339,69,439.15876291568554,25,True
4813634,2025-26,2026-02-10 20:15:00,West Ham United,Manchester United,True,329,69,377.28226090321283,25,True
4813634,2025-26,2026-02-10 20:15:00,Manchester United,West Ham United,False,629,69,516.0383023320434,25,True
4813625,2025-26,2026-02-11 19:30:00,Aston Villa,Brighton & Hove Albion,True,418,69,434.7355899639746,25,True
4813625,2025-26,2026-02-11 19:30:00,Brighton & Hove Albion,Aston Villa,False,418,69,422.8429196365793,25,True
4813630,2025-26,2026-02-11 19:30:00,Manchester City,Fulham,True,634,69,593.2073653039365,25,True
4813630,2025-26,2026-02-11 19:30:00,Fulham,Manchester City,False,492,69,411.467087775463,25,True
4813631,2025-26,2026-02-11 19:30:00,Nottingham Forest,Wolverhampton Wanderers,True,480,69,443.82845999101295,25,True
4813631,2025-26,2026-02-11 19:30:00,Wolverhampton Wanderers,Nottingham Forest,False,287,69,419.3531288186575,25,True
4813628,2025-26,2026-02-11 19:40:00,Crystal Palace,Burnley,True,572,69,458.1346073919661,25,True
4813628,2025-26,2026-02-11 19:40:00,Burnley,Crystal Palace,False,316,69,436.311496421851,25,True
4813632,2025-26,2026-02-11 20:15:00,Sunderland,Liverpool,True,372,69,328.6505761254977,25,True
4813632,2025-26,2026-02-11 20:15:00,Liverpool,Sunderland,False,501,69,581.4551840989276,25,True
4813626,2025-26,2026-02-12 20:00:00,Brentford,Arsenal,True,314,69,345.6796620339456,25,True
4813626,2025-26,2026-02-12 20:00:00,Arsenal,Brentford,False,452,69,466.6481868336969,25,True
4813684,2025-26,2026-02-18 20:00:00,Wolverhampton Wanderers,Arsenal,True,361,70,330.57174331888797,26,True
4813684,2025-26,2026-02-18 20:00:00,Arsenal,Wolverhampton Wanderers,False,486,70,527.7509180070974,26,True
4813635,2025-26,2026-02-21 15:00:00,Aston Villa,Leeds United,True,520,71,502.30423840074104,26,True
4813635,2025-26,2026-02-21 15:00:00,Leeds United,Aston Villa,False,256,71,360.6715216022514,26,True
4813636,2025-26,2026-02-21 15:00:00,Brentford,Brighton & Hove Albion,True,439,71,392.26952592108233,26,True
4813636,2025-26,2026-02-21 15:00:00,Brighton & Hove Albion,Brentford,False,416,71,467.73662717519466,26,True
4813637,2025-26,2026-02-21 15:00:00,Chelsea,Burnley,True,605,71,621.4119467187422,26,True
4813637,2025-26,2026-02-21 15:00:00,Burnley,Chelsea,False,302,71,353.4846885460707,26,True
4813644,2025-26,2026-02-21 17:30:00,West Ham United,AFC Bournemouth,True,334,71,381.7679179217167,26,True
4813644,2025-26,2026-02-21 17:30:00,AFC Bournemouth,West Ham United,False,484,71,447.81688878149964,26,True
4813640,2025-26,2026-02-21 20:00:00,Manchester City,Newcastle United,True,467,71,538.770705954942,26,True
4813640,2025-26,2026-02-21 20:00:00,Newcastle United,Manchester City,False,375,71,392.7894506047582,26,True
4813638,2025-26,2026-02-22 14:00:00,Crystal Palace,Wolverhampton Wanderers,True,425,71,453.7173960567111,26,True
4813638,2025-26,2026-02-22 14:00:00,Wolverhampton Wanderers,Crystal Palace,False,277,71,421.2607437076233,27,True
4813641,2025-26,2026-02-22 14:00:00,Nottingham Forest,Liverpool,True,421,71,326.2704630537804,26,True
4813641,2025-26,2026-02-22 14:00:00,Liverpool,Nottingham Forest,False,489,71,557.6871994949767,26,True
4813642,2025-26,2026-02-22 14:00:00,Sunderland,Fulham,True,406,71,407.9575773411821,26,True
4813642,2025-26,2026-02-22 14:00:00,Fulham,Sunderland,False,355,71,519.5419643650512,26,True
4813643,2025-26,2026-02-22 16:30:00,Tottenham Hotspur,Arsenal,True,320,71,361.1892759001497,26,True
4813643,2025-26,2026-02-22 16:30:00,Arsenal,Tottenham Hotspur,False,480,71,445.66676537150886,27,True
4813639,2025-26,2026-02-23 20:00:00,Everton,Manchester United,True,413,71,367.9480658389974,26,True
4813639,2025-26,2026-02-23 20:00:00,Manchester United,Everton,False,483,71,522.3713463865026,26,True
4813654,2025-26,2026-02-27 20:00:00,Wolverhampton Wanderers,Aston Villa,True,328,72,349.3746890167016,28,True
4813654,2025-26,2026-02-27 20:00:00,Aston Villa,Wolverhampton Wanderers,False,502,72,494.88053937157423,27,True
4813645,2025-26,2026-02-28 12:30:00,AFC Bournemouth,Sunderland,True,464,72,443.9401031084083,27,True
4813645,2025-26,2026-02-28 12:30:00,Sunderland,AFC Bournemouth,False,287,72,373.3002428392054,27,True
4813648,2025-26,2026-02-28 15:00:00,Burnley,Brentford,True,326,72,400.37771834844636,27,True
4813648,2025-26,2026-02-28 15:00:00,Brentford,Burnley,False,463,72,466.58933992614743,27,True
4813651,2025-26,2026-02-28 15:00:00,Liverpool,West Ham United,True,405,72,617.698805521499,27,True
4813651,2025-26,2026-02-28 15:00:00,West Ham United,Liverpool,False,422,72,319.6649105353727,27,True
4813653,2025-26,2026-02-28 15:00:00,Newcastle United,Everton,True,587,72,516.7990481599853,27,True
4813653,2025-26,2026-02-28 15:00:00,Everton,Newcastle United,False,311,72,344.11301773519,27,True
4813650,2025-26,2026-02-28 17:30:00,Leeds United,Manchester City,True,311,72,361.5003770221494,27,True
4813650,2025-26,2026-02-28 17:30:00,Manchester City,Leeds United,False,655,72,625.0810103310799,27,True
4813647,2025-26,2026-03-01 14:00:00,Brighton & Hove Albion,Nottingham Forest,True,522,72,508.24324125443263,27,True
4813647,2025-26,2026-03-01 14:00:00,Nottingham Forest,Brighton & Hove Albion,False,444,72,369.64020964472354,27,True
4813649,2025-26,2026-03-01 14:00:00,Fulham,Tottenham Hotspur,True,480,72,468.679597995434,27,True
4813649,2025-26,2026-03-01 14:00:00,Tottenham Hotspur,Fulham,False,395,72,422.5481164859156,27,True
4813652,2025-26,2026-03-01 14:00:00,Manchester United,Crystal Palace,True,612,72,517.9534940064965,27,True
4813652,2025-26,2026-03-01 14:00:00,Crystal Palace,Manchester United,False,399,72,369.8197327150929,27,True
4813646,2025-26,2026-03-01 16:30:00,Arsenal,Chelsea,True,338,72,435.2508007960028,28,True
4813646,2025-26,2026-03-01 16:30:00,Chelsea,Arsenal,False,482,72,429.2075810594242,27,True
4813655,2025-26,2026-03-03 19:30:00,AFC Bournemouth,Brentford,True,413,73,406.47715555479897,28,True
4813655,2025-26,2026-03-03 19:30:00,Brentford,AFC Bournemouth,False,454,73,381.5851479726253,28,True
4813658,2025-26,2026-03-03 19:30:00,Everton,Burnley,True,581,73,453.003921999333,28,True
4813658,2025-26,2026-03-03 19:30:00,Burnley,Everton,False,476,73,435.9381690012464,28,True
4813660,2025-26,2026-03-03 19:30:00,Leeds United,Sunderland,True,550,73,442.7355404457726,28,True
4813660,2025-26,2026-03-03 19:30:00,Sunderland,Leeds United,False,233,73,428.37857295801183,28,True
4813664,2025-26,2026-03-03 20:15:00,Wolverhampton Wanderers,Liverpool,True,315,73,334.0153626793174,29,True
4813664,2025-26,2026-03-03 20:15:00,Liverpool,Wolverhampton Wanderers,False,609,73,576.9389498563442,28,True
4813656,2025-26,2026-03-04 19:30:00,Aston Villa,Chelsea,True,431,73,406.11345921307725,28,True
4813656,2025-26,2026-03-04 19:30:00,Chelsea,Aston Villa,False,565,73,460.32980094615067,28,True
4813657,2025-26,2026-03-04 19:30:00,Brighton & Hove Albion,Arsenal,True,470,73,406.0773752907595,28,True
4813657,2025-26,2026-03-04 19:30:00,Arsenal,Brighton & Hove Albion,False,322,73,446.50519817412663,29,True
4813659,2025-26,2026-03-04 19:30:00,Fulham,West Ham United,True,563,73,540.6741264833805,28,True
4813659,2025-26,2026-03-04 19:30:00,West Ham United,Fulham,False,379,73,391.06874661376935,28,True
4813661,2025-26,2026-03-04 19:30:00,Manchester City,Nottingham Forest,True,774,73,618.6495986628986,28,True
4813661,2025-26,2026-03-04 19:30:00,Nottingham Forest,Manchester City,False,329,73,340.0319777293098,28,True
4813662,2025-26,2026-03-04 20:15:00,Newcastle United,Manchester United,True,381,73,445.47505036182343,28,True
4813662,2025-26,2026-03-04 20:15:00,Manchester United,Newcastle United,False,469,73,425.7053649338066,28,True
4813663,2025-26,2026-03-05 20:00:00,Tottenham Hotspur,Crystal Palace,True,311,73,468.1684335921044,28,True
4813663,2025-26,2026-03-05 20:00:00,Crystal Palace,Tottenham Hotspur,False,463,73,375.7392493131319,28,True
4813667,2025-26,2026-03-14 15:00:00,Burnley,AFC Bournemouth,True,283,74,386.22585373558024,29,True
4813667,2025-26,2026-03-14 15:00:00,AFC Bournemouth,Burnley,False,471,74,465.3353099801468,29,True
4813673,2025-26,2026-03-14 15:00:00,Sunderland,Brighton & Hove Albion,True,422,74,374.43324904649177,29,True
4813673,2025-26,2026-03-14 15:00:00,Brighton & Hove Albion,Sunderland,False,471,74,511.6427341507752,29,True
4813665,2025-26,2026-03-14 17:30:00,Arsenal,Everton,True,581,74,532.9474954948315,30,True
4813665,2025-26,2026-03-14 17:30:00,Everton,Arsenal,False,321,74,323.6712390763764,29,True
4813668,2025-26,2026-03-14 17:30:00,Chelsea,Newcastle United,True,675,74,493.3411873635868,29,True
4813668,2025-26,2026-03-14 17:30:00,Newcastle United,Chelsea,False,331,74,397.73691001272647,29,True
4813674,2025-26,2026-03-14 20:00:00,West Ham United,Manchester City,True,304,74,349.12610582408854,29,True
4813674,2025-26,2026-03-14 20:00:00,Manchester City,West Ham United,False,755,74,638.4841703688755,29,True
4813669,2025-26,2026-03-15 14:00:00,Crystal Palace,Leeds United,True,463,74,445.6739093972928,29,True
4813669,2025-26,2026-03-15 14:00:00,Leeds United,Crystal Palace,False,228,74,426.06367535544734,29,True
4813671,2025-26,2026-03-15 14:00:00,Manchester United,Aston Villa,True,479,74,439.05203218870236,29,True
4813671,2025-26,2026-03-15 14:00:00,Aston Villa,Manchester United,False,442,74,419.6956122518798,29,True
4813672,2025-26,2026-03-15 14:00:00,Nottingham Forest,Fulham,True,401,74,406.39548719402563,29,True
4813672,2025-26,2026-03-15 14:00:00,Fulham,Nottingham Forest,False,474,74,503.32373317345986,29,True
4813670,2025-26,2026-03-15 16:30:00,Liverpool,Tottenham Hotspur,True,553,74,519.339471000261,29,True
4813670,2025-26,2026-03-15 16:30:00,Tottenham Hotspur,Liverpool,False,320,74,346.4659688999189,29,True
4813666,2025-26,2026-03-16 20:00:00,Brentford,Wolverhampton Wanderers,True,438,74,469.76789356596447,29,True
4813666,2025-26,2026-03-16 20:00:00,Wolverhampton Wanderers,Brentford,False,428,74,372.1379934230717,30,True
4813675,2025-26,2026-03-20 20:00:00,AFC Bournemouth,Manchester United,True,502,75,393.37712964056055,30,True
4813675,2025-26,2026-03-20 20:00:00,Manchester United,AFC Bournemouth,False,415,75,447.00020966572276,30,True
4813677,2025-26,2026-03-21 12:45:00,Brighton & Hove Albion,Liverpool,True,380,75,410.81529380138795,30,True
4813677,2025-26,2026-03-21 12:45:00,Liverpool,Brighton & Hove Albion,False,431,75,492.7789372419316,30,True
4813679,2025-26,2026-03-21 15:00:00,Fulham,Burnley,True,518,75,567.0157407324409,30,True
4813679,2025-26,2026-03-21 15:00:00,Burnley,Fulham,False,413,75,388.395298263359,30,True
4813678,2025-26,2026-03-21 17:30:00,Everton,Chelsea,True,392,75,351.02549452358306,30,True
4813678,2025-26,2026-03-21 17:30:00,Chelsea,Everton,False,690,75,602.4487311548631,30,True
4813680,2025-26,2026-03-21 20:00:00,Leeds United,Brentford,True,461,75,403.0444268478996,30,True
4813680,2025-26,2026-03-21 20:00:00,Brentford,Leeds United,False,358,75,440.5796534547766,30,True
4813682,2025-26,2026-03-22 12:00:00,Newcastle United,Sunderland,True,403,75,499.6391159384566,30,True
4813682,2025-26,2026-03-22 12:00:00,Sunderland,Newcastle United,False,262,75,355.4171450402948,30,True
4813676,2025-26,2026-03-22 14:15:00,Aston Villa,West Ham United,True,507,75,516.4412983045411,30,True
4813676,2025-26,2026-03-22 14:15:00,West Ham United,Aston Villa,False,342,75,347.28680353930184,30,True
4813683,2025-26,2026-03-22 14:15:00,Tottenham Hotspur,Nottingham Forest,True,459,75,449.82449287933457,30,True
4813683,2025-26,2026-03-22 14:15:00,Nottingham Forest,Tottenham Hotspur,False,336,75,379.08670982843773,30,True
4813694,2025-26,2026-04-10 19:00:00,West Ham United,Wolverhampton Wanderers,True,355,76,446.18759615563516,31,True
4813694,2025-26,2026-04-10 19:00:00,Wolverhampton Wanderers,West Ham United,False,456,76,426.9170865818345,31,True
4813685,2025-26,2026-04-11 11:30:00,Arsenal,AFC Bournemouth,True,389,76,447.6353055776596,31,True
4813685,2025-26,2026-04-11 11:30:00,AFC Bournemouth,Arsenal,False,367,76,340.5840247082091,31,True
4813686,2025-26,2026-04-11 14:00:00,Brentford,Everton,True,457,76,473.78839001970874,31,True
4813686,2025-26,2026-04-11 14:00:00,Everton,Brentford,False,376,76,383.2864743821996,31,True
4813687,2025-26,2026-04-11 14:00:00,Burnley,Brighton & Hove Albion,True,475,76,381.06122997222366,31,True
4813687,2025-26,2026-04-11 14:00:00,Brighton & Hove Albion,Burnley,False,477,76,540.9741438083008,31,True
4813690,2025-26,2026-04-11 16:30:00,Liverpool,Fulham,True,510,76,538.0018542389918,31,True
4813690,2025-26,2026-04-11 16:30:00,Fulham,Liverpool,False,435,76,393.37037122783806,31,True
4813689,2025-26,2026-04-12 13:00:00,Crystal Palace,Newcastle United,True,380,76,375.3462400289794,30,True
4813689,2025-26,2026-04-12 13:00:00,Newcastle United,Crystal Palace,False,542,76,458.1252035437742,31,True
4813692,2025-26,2026-04-12 13:00:00,Nottingham Forest,Aston Villa,True,336,76,361.5195924234415,31,True
4813692,2025-26,2026-04-12 13:00:00,Aston Villa,Nottingham Forest,False,501,76,472.07726540899597,31,True
4813693,2025-26,2026-04-12 13:00:00,Sunderland,Tottenham Hotspur,True,403,76,383.719538358463,31,True
4813693,2025-26,2026-04-12 13:00:00,Tottenham Hotspur,Sunderland,False,365,76,440.8069496204786,31,True
4813688,2025-26,2026-04-12 15:30:00,Chelsea,Manchester City,True,407,76,482.69239714629475,31,True
4813688,2025-26,2026-04-12 15:30:00,Manchester City,Chelsea,False,685,76,515.0166015922434,30,True
4813691,2025-26,2026-04-13 19:00:00,Manchester United,Leeds United,True,497,76,533.9415190360384,31,True
4813691,2025-26,2026-04-13 19:00:00,Leeds United,Manchester United,False,453,76,379.6285517239689,31,True
4813696,2025-26,2026-04-18 11:30:00,Brentford,Fulham,True,391,77,415.4193213208004,32,True
4813696,2025-26,2026-04-18 11:30:00,Fulham,Brentford,False,435,77,466.31274336434063,32,True
4813700,2025-26,2026-04-18 14:00:00,Leeds United,Wolverhampton Wanderers,True,465,77,454.91767990092694,32,True
4813700,2025-26,2026-04-18 14:00:00,Wolverhampton Wanderers,Leeds United,False,357,77,416.23393683865,32,True
4813702,2025-26,2026-04-18 14:00:00,Newcastle United,AFC Bournemouth,True,436,77,428.4753952816478,32,True
4813702,2025-26,2026-04-18 14:00:00,AFC Bournemouth,Newcastle United,False,386,77,372.4420122875248,32,True
4813704,2025-26,2026-04-18 16:30:00,Tottenham Hotspur,Brighton & Hove Albion,True,328,77,401.967671494073,32,True
4813704,2025-26,2026-04-18 16:30:00,Brighton & Hove Albion,Tottenham Hotspur,False,435,77,451.16135376476666,32,True
4813697,2025-26,2026-04-18 19:00:00,Chelsea,Manchester United,True,605,77,535.6783977640133,32,True
4813697,2025-26,2026-04-18 19:00:00,Manchester United,Chelsea,False,431,77,427.5295923818964,32,True
4813695,2025-26,2026-04-19 13:00:00,Aston Villa,Sunderland,True,403,77,494.58467004584134,32,True
4813695,2025-26,2026-04-19 13:00:00,Sunderland,Aston Villa,False,406,77,343.5844967843679,32,True
4813699,2025-26,2026-04-19 13:00:00,Everton,Liverpool,True,377,77,337.614502736859,32,True
4813699,2025-26,2026-04-19 13:00:00,Liverpool,Everton,False,498,77,585.4648424813753,32,True
4813703,2025-26,2026-04-19 13:00:00,Nottingham Forest,Burnley,True,474,77,460.84354179633027,32,True
4813703,2025-26,2026-04-19 13:00:00,Burnley,Nottingham Forest,False,453,77,417.48667387504383,32,True
4813701,2025-26,2026-04-19 15:30:00,Manchester City,Arsenal,True,498,77,515.0399630336691,31,True
4813701,2025-26,2026-04-19 15:30:00,Arsenal,Manchester City,False,348,77,392.02603374549886,32,True
4813698,2025-26,2026-04-20 19:00:00,Crystal Palace,West Ham United,True,454,77,457.8790409196452,31,True
4813698,2025-26,2026-04-20 19:00:00,West Ham United,Crystal Palace,False,366,77,403.10299379823863,32,True
4813707,2025-26,2026-04-21 19:00:00,Brighton & Hove Albion,Chelsea,True,532,77,436.0889036905435,32,True
4813707,2025-26,2026-04-21 19:00:00,Chelsea,Brighton & Hove Albion,False,475,77,510.42978714131425,32,True
4813705,2025-26,2026-04-22 19:00:00,AFC Bournemouth,Leeds United,True,473,77,456.5479307888209,32,True
4813705,2025-26,2026-04-22 19:00:00,Leeds United,AFC Bournemouth,False,315,77,371.1778291356503,32,True
4813708,2025-26,2026-04-22 19:00:00,Burnley,Manchester City,True,356,77,348.3359505269112,32,True
4813708,2025-26,2026-04-22 19:00:00,Manchester City,Burnley,False,689,77,677.6024063120498,31,True
4813712,2025-26,2026-04-24 19:00:00,Sunderland,Nottingham Forest,True,436,78,428.33195710378055,33,True
4813712,2025-26,2026-04-24 19:00:00,Nottingham Forest,Sunderland,False,273,78,412.8593024151525,33,True
4813709,2025-26,2026-04-25 11:30:00,Fulham,Aston Villa,True,337,78,439.38338345660196,33,True
4813709,2025-26,2026-04-25 11:30:00,Aston Villa,Fulham,False,529,78,440.0590413705372,33,True
4813710,2025-26,2026-04-25 14:00:00,Liverpool,Crystal Palace,True,465,78,556.5634273525606,33,True
4813710,2025-26,2026-04-25 14:00:00,Crystal Palace,Liverpool,False,400,78,335.4633517318826,32,True
4813713,2025-26,2026-04-25 14:00:00,West Ham United,Everton,True,374,78,446.0696552816674,33,True
4813713,2025-26,2026-04-25 14:00:00,Everton,West Ham United,False,477,78,432.4016899450621,33,True
4813714,2025-26,2026-04-25 14:00:00,Wolverhampton Wanderers,Tottenham Hotspur,True,309,78,382.82945705120056,33,True
4813714,2025-26,2026-04-25 14:00:00,Tottenham Hotspur,Wolverhampton Wanderers,False,468,78,444.7741243049924,33,True
4813706,2025-26,2026-04-25 16:30:00,Arsenal,Newcastle United,True,400,78,433.43293617810536,33,True
4813706,2025-26,2026-04-25 16:30:00,Newcastle United,Arsenal,False,486,78,373.8788490012143,33,True
4813711,2025-26,2026-04-27 19:00:00,Manchester United,Brentford,True,414,79,484.9421374920264,33,True
4813711,2025-26,2026-04-27 19:00:00,Brentford,Manchester United,False,497,79,389.82091964880635,33,True
4813721,2025-26,2026-05-01 19:00:00,Leeds United,Burnley,True,452,80,473.2444388272132,34,True
4813721,2025-26,2026-05-01 19:00:00,Burnley,Leeds United,False,508,80,426.60465900295156,34,True
4813718,2025-26,2026-05-02 14:00:00,Brentford,West Ham United,True,333,80,470.17137691601386,34,True
4813718,2025-26,2026-05-02 14:00:00,West Ham United,Brentford,False,348,80,371.985463105537,34,True
4813723,2025-26,2026-05-02 14:00:00,Newcastle United,Brighton & Hove Albion,True,237,80,440.12607680544977,34,True
4813723,2025-26,2026-05-02 14:00:00,Brighton & Hove Albion,Newcastle United,False,506,80,429.41872968937633,34,True
4813724,2025-26,2026-05-02 14:00:00,Wolverhampton Wanderers,Sunderland,True,438,80,414.90006703792034,34,True
4813724,2025-26,2026-05-02 14:00:00,Sunderland,Wolverhampton Wanderers,False,327,80,427.75390708672643,34,True
4813716,2025-26,2026-05-02 16:30:00,Arsenal,Fulham,True,511,80,474.88415242927016,34,True
4813716,2025-26,2026-05-02 16:30:00,Fulham,Arsenal,False,433,80,396.8339722157259,34,True
4813715,2025-26,2026-05-03 13:00:00,AFC Bournemouth,Crystal Palace,True,391,80,440.26983672600335,34,True
4813715,2025-26,2026-05-03 13:00:00,Crystal Palace,AFC Bournemouth,False,405,80,368.711016282195,33,True
4813722,2025-26,2026-05-03 14:30:00,Manchester United,Liverpool,True,362,80,418.01699654804105,34,True
4813722,2025-26,2026-05-03 14:30:00,Liverpool,Manchester United,False,613,80,500.73544557995496,34,True
4813717,2025-26,2026-05-03 18:00:00,Aston Villa,Tottenham Hotspur,True,374,80,442.1595805186673,34,True
4813717,2025-26,2026-05-03 18:00:00,Tottenham Hotspur,Aston Villa,False,466,80,361.8010100954755,34,True
4813719,2025-26,2026-05-04 14:00:00,Chelsea,Nottingham Forest,True,659,80,594.437306542073,34,True
4813719,2025-26,2026-05-04 14:00:00,Nottingham Forest,Chelsea,False,334,80,348.2850667878329,34,True
4813720,2025-26,2026-05-04 19:00:00,Everton,Manchester City,True,201,80,344.470673298856,34,True
4813720,2025-26,2026-05-04 19:00:00,Manchester City,Everton,False,629,80,658.0067809750293,33,True
4813729,2025-26,2026-05-09 11:30:00,Liverpool,Chelsea,True,473,81,486.1236462858794,35,True
4813729,2025-26,2026-05-09 11:30:00,Chelsea,Liverpool,False,515,81,459.793053598314,35,True
4813725,2025-26,2026-05-09 14:00:00,Brighton & Hove Albion,Wolverhampton Wanderers,True,578,81,535.442117423223,35,True
4813725,2025-26,2026-05-09 14:00:00,Wolverhampton Wanderers,Brighton & Hove Albion,False,225,81,352.0436915869391,35,True
4813728,2025-26,2026-05-09 14:00:00,Fulham,AFC Bournemouth,True,520,81,449.73553855999023,35,True
4813728,2025-26,2026-05-09 14:00:00,AFC Bournemouth,Fulham,False,359,81,411.8237589509274,35,True
4813732,2025-26,2026-05-09 14:00:00,Sunderland,Manchester United,True,493,81,396.7462097017525,35,True
4813732,2025-26,2026-05-09 14:00:00,Manchester United,Sunderland,False,478,81,497.7309505009307,35,True
4813730,2025-26,2026-05-09 16:30:00,Manchester City,Brentford,True,474,81,592.6363348155039,34,True
4813730,2025-26,2026-05-09 16:30:00,Brentford,Manchester City,False,337,81,335.2075430366435,35,True
4813726,2025-26,2026-05-10 13:00:00,Burnley,Aston Villa,True,260,81,372.3838048670655,35,True
4813726,2025-26,2026-05-10 13:00:00,Aston Villa,Burnley,False,528,81,508.590822442351,35,True
4813727,2025-26,2026-05-10 13:00:00,Crystal Palace,Everton,True,467,81,461.5422932773351,34,True
4813727,2025-26,2026-05-10 13:00:00,Everton,Crystal Palace,False,315,81,396.6189443147287,35,True
4813731,2025-26,2026-05-10 13:00:00,Nottingham Forest,Newcastle United,True,421,81,362.92318159103525,35,True
4813731,2025-26,2026-05-10 13:00:00,Newcastle United,Nottingham Forest,False,495,81,475.7011377639765,35,True
4813734,2025-26,2026-05-10 15:30:00,West Ham United,Arsenal,True,283,81,336.56300219745737,35,True
4813734,2025-26,2026-05-10 15:30:00,Arsenal,West Ham United,False,500,81,507.3354164539405,35,True
4813733,2025-26,2026-05-11 19:00:00,Tottenham Hotspur,Leeds United,True,431,81,461.86068742355724,35,True
4813733,2025-26,2026-05-11 19:00:00,Leeds United,Tottenham Hotspur,False,336,81,378.90867577849684,35,True
4813681,2025-26,2026-05-13 19:00:00,Manchester City,Crystal Palace,True,743,82,617.3101548416033,35,True
4813681,2025-26,2026-05-13 19:00:00,Crystal Palace,Manchester City,False,281,82,336.0156307308447,35,True
4813737,2025-26,2026-05-15 19:00:00,Aston Villa,Liverpool,True,365,83,393.35616371507837,36,True
4813737,2025-26,2026-05-15 19:00:00,Liverpool,Aston Villa,False,443,83,459.2646448879414,36,True
4813742,2025-26,2026-05-17 11:30:00,Manchester United,Nottingham Forest,True,438,84,522.7733636103221,36,True
4813742,2025-26,2026-05-17 11:30:00,Nottingham Forest,Manchester United,False,472,84,387.4282707404997,36,True
4813738,2025-26,2026-05-17 14:00:00,Brentford,Crystal Palace,True,467,84,430.3791849380907,36,True
4813738,2025-26,2026-05-17 14:00:00,Crystal Palace,Brentford,False,344,84,383.94911528599926,36,True
4813740,2025-26,2026-05-17 14:00:00,Everton,Sunderland,True,407,84,415.41261538398425,36,True
4813740,2025-26,2026-05-17 14:00:00,Sunderland,Everton,False,451,84,434.20536629037036,36,True
4813741,2025-26,2026-05-17 14:00:00,Leeds United,Brighton & Hove Albion,True,280,84,372.6112571355932,36,True
4813741,2025-26,2026-05-17 14:00:00,Brighton & Hove Albion,Leeds United,False,556,84,517.1276444054319,36,True
4813744,2025-26,2026-05-17 14:00:00,Wolverhampton Wanderers,Fulham,True,261,84,390.9285216711982,36,True
4813744,2025-26,2026-05-17 14:00:00,Fulham,Wolverhampton Wanderers,False,592,84,517.6616845269909,36,True
4813743,2025-26,2026-05-17 16:30:00,Newcastle United,West Ham United,True,503,84,506.1577555018214,36,True
4813743,2025-26,2026-05-17 16:30:00,West Ham United,Newcastle United,False,410,84,351.2569688370379,36,True
4813736,2025-26,2026-05-18 19:00:00,Arsenal,Burnley,True,513,84,544.4745378317239,36,True
4813736,2025-26,2026-05-18 19:00:00,Burnley,Arsenal,False,336,84,336.76202012130307,36,True
4813735,2025-26,2026-05-19 18:30:00,AFC Bournemouth,Manchester City,True,446,84,349.1877009061592,36,True
4813735,2025-26,2026-05-19 18:30:00,Manchester City,AFC Bournemouth,False,536,84,550.6853925185236,36,True
4813739,2025-26,2026-05-19 19:15:00,Chelsea,Tottenham Hotspur,True,432,84,531.365999757358,36,True
4813739,2025-26,2026-05-19 19:15:00,Tottenham Hotspur,Chelsea,False,546,84,374.8054004128308,36,True
4813745,2025-26,2026-05-24 15:00:00,Brighton & Hove Albion,Manchester United,True,484,85,500.76280072174364,37,True
4813745,2025-26,2026-05-24 15:00:00,Manchester United,Brighton & Hove Albion,False,450,85,418.58313064041226,37,True
4813746,2025-26,2026-05-24 15:00:00,Burnley,Wolverhampton Wanderers,True,569,85,450.4075797940266,37,True
4813746,2025-26,2026-05-24 15:00:00,Wolverhampton Wanderers,Burnley,False,225,85,424.7256746142054,37,True
4813747,2025-26,2026-05-24 15:00:00,Crystal Palace,Arsenal,True,328,85,347.62669095279176,37,True
4813747,2025-26,2026-05-24 15:00:00,Arsenal,Crystal Palace,False,518,85,478.8818827350112,37,True
4813748,2025-26,2026-05-24 15:00:00,Fulham,Newcastle United,True,418,85,458.62616772335474,37,True
4813748,2025-26,2026-05-24 15:00:00,Newcastle United,Fulham,False,508,85,439.04184812443447,37,True
4813749,2025-26,2026-05-24 15:00:00,Liverpool,Brentford,True,508,85,509.5259689883722,37,True
4813749,2025-26,2026-05-24 15:00:00,Brentford,Liverpool,False,333,85,343.25901113728054,37,True
4813750,2025-26,2026-05-24 15:00:00,Manchester City,Aston Villa,True,481,85,539.2532026784569,37,True
4813750,2025-26,2026-05-24 15:00:00,Aston Villa,Manchester City,False,440,85,373.92451765084394,37,True
4813751,2025-26,2026-05-24 15:00:00,Nottingham Forest,AFC Bournemouth,True,396,85,375.3033037061791,37,True
4813751,2025-26,2026-05-24 15:00:00,AFC Bournemouth,Nottingham Forest,False,485,85,438.41169366981836,37,True
4813752,2025-26,2026-05-24 15:00:00,Sunderland,Chelsea,True,346,85,374.79908750712167,37,True
4813752,2025-26,2026-05-24 15:00:00,Chelsea,Sunderland,False,452,85,570.4236659443175,37,True
4813753,2025-26,2026-05-24 15:00:00,Tottenham Hotspur,Everton,True,381,85,483.45644133061325,37,True
4813753,2025-26,2026-05-24 15:00:00,Everton,Tottenham Hotspur,False,384,85,355.22429384012196,37,True
4813754,2025-26,2026-05-24 15:00:00,West Ham United,Leeds United,True,316,85,429.47493614558334,37,True
4813754,2025-26,2026-05-24 15:00:00,Leeds United,West Ham United,False,453,85,435.25233473372504,37,True
